artist_name,year,popularity,genre
britney spears,2000,77,pop
blink-182,1999,79,rock
faith hill,1999,66,pop
bon jovi,2000,78,rock
*nsync,2000,65,pop
sisqo,1999,69,pop
eminem,2000,86,hip-hop
robbie williams,2000,68,rock
destiny's child,1999,75,pop
modjo,2001,77,electronic
gigi d'agostino,2011,1,pop
eiffel 65,1999,56,pop
bomfunk mc's,2000,55,pop
sting,1999,62,rock
melanie c,1999,61,pop
aaliyah,2002,53,pop
anastacia,1999,64,pop
alice deejay,2000,73,pop
gigi d'agostino,1999,64,pop
dr. dre,1999,82,hip-hop
linkin park,2000,83,rock
tom jones,1999,65,rock
sonique,2000,62,pop
m.o.p.,2000,54,hip-hop
melanie c,1999,54,pop
limp bizkit,2000,72,metal
darude,2001,69,pop
da brat,2000,53,pop
moloko,2000,54,pop
chicane,2016,47,electronic
dmx,1999,71,pop
debelah morgan,2000,49,pop
madonna,2000,58,pop
ruff endz,2000,52,soul
britney spears,1999,58,pop
montell jordan,1999,59,pop
kylie minogue,2000,55,pop
jay-z,1999,69,hip-hop
leann rimes,2001,61,pop
avant,2000,55,pop
enrique iglesias,1999,54,pop
toni braxton,2000,66,pop
bow wow,2000,36,pop
dr. dre,1999,79,hip-hop
missy elliott,1998,49,pop
backstreet boys,1999,68,pop
samantha mumba,2018,43,pop
mýa,2000,59,pop
mary mary,2000,64,soul
next,2004,52,pop
janet jackson,2001,47,pop
ricky martin,2000,60,pop
jagged edge,2000,55,pop
sisqo,1999,60,pop
jay-z,2000,59,hip-hop
mariah carey,1999,59,pop
baha men,2000,65,soul
donell jones,1999,63,pop
leann rimes,2001,65,pop
oasis,2000,0,rock
dj ötzi,2010,58,pop
p!nk,2000,52,pop
mariah carey,2011,0,pop
craig david,2000,60,pop
christina aguilera,1999,61,pop
madonna,2000,58,pop
red hot chili peppers,1999,78,rock
sammie,2000,55,pop
craig david,2000,70,pop
santana,1999,66,rock
kandi,2000,55,pop
p!nk,2000,55,pop
vengaboys,2000,58,pop
ronan keating,2000,59,rock
madison avenue,1999,56,electronic
destiny's child,1999,70,pop
céline dion,1999,64,pop
3 doors down,2000,78,rock
carl thomas,2000,52,pop
mystikal,2000,57,pop
fuel,2000,49,rock
donell jones,1999,57,pop
savage garden,1999,54,pop
westlife,2000,68,pop
all saints,2000,62,pop
destiny's child,2001,65,pop
*nsync,2000,60,pop
erykah badu,2000,54,soul
marc anthony,1999,56,pop
matchbox twenty,2000,54,rock
gabrielle,2001,60,pop
backstreet boys,2000,70,pop
creed,1999,64,rock
the corrs,2000,68,pop
joe,2000,65,pop
pop,Pop,Pop,pop
christina aguilera,1999,64,pop
creed,1999,69,rock
britney spears,2000,65,pop
nelly,2000,68,pop
shaggy,2000,76,pop
destiny's child,2001,70,pop
eminem,2000,83,hip-hop
kylie minogue,2001,73,pop
christina aguilera,2001,68,pop
nelly furtado,2000,1,pop
shakira,2001,74,pop
jimmy eat world,2001,78,rock
train,2001,77,pop
geri halliwell,2001,62,pop
blu cantrell,2001,71,pop
britney spears,2001,69,pop
kylie minogue,2001,62,pop
missy elliott,2001,57,pop
mary j. blige,2001,76,pop
faithless,2015,53,pop
limp bizkit,2000,73,metal
lasgo,2001,65,pop
iio,2006,54,electronic
emma bunton,2001,54,pop
112,2001,57,pop
blue,2001,63,pop
jessica simpson,2001,43,pop
crazy town,1999,71,rock
michael jackson,2001,64,pop
eve,2001,73,pop
jennifer lopez,2001,0,pop
brandy,2002,50,pop
nickelback,2001,78,rock
daft punk,2001,76,hip-hop
outkast,2000,82,pop
fragma,2001,50,pop
mariah carey,2001,42,pop
dido,1999,73,pop
joe,2000,57,pop
p.o.d.,2001,69,rock
jennifer lopez,2001,57,pop
missy elliott,2001,68,pop
ricky martin,2008,52,pop
christina milian,2001,60,pop
roger sanchez,2000,50,electronic
gorillaz,2001,74,hip-hop
2pac,2001,57,hip-hop
tamia,2000,48,pop
mary j. blige,2001,61,pop
jennifer lopez,2001,67,pop
jamiroquai,2001,65,pop
case,2001,55,pop
112,2001,63,pop
five,2001,47,pop
rui da silva,2001,54,electronic
alien ant farm,2001,75,rock
erick sermon,2001,57,pop
d12,2001,68,rock
usher,2016,26,pop
madonna,2000,53,pop
blue,2001,58,pop
atomic kitten,2001,58,pop
jagged edge,2001,67,pop
afroman,2001,68,hip-hop
s club 7,2001,63,pop
craig david,2000,60,pop
nelly furtado,2000,1,pop
the supermen lovers,2001,61,electronic
mis-teeq,2004,46,pop
jagged edge,2000,56,pop
s club 7,2001,60,pop
enya,2000,69,folk
faith hill,2001,60,pop
ronan keating,2000,58,rock
destiny's child,2001,64,pop
steps,2000,53,pop
sunshine anderson,2001,56,pop
lenny kravitz,2000,68,rock
daniel bedingfield,2002,46,pop
db boulevard,2018,0,electronic
janet jackson,2001,65,pop
atomic kitten,2001,66,pop
ja rule,2001,64,pop
destiny's child,2001,65,pop
dj pied piper & the masters of ceremonies,2001,54,electronic
jennifer lopez,2001,66,pop
musiq soulchild,2000,0,pop
so solid crew,2001,51,electronic
robbie williams,2001,48,rock
basement jaxx,2001,0,pop
ludacris,2000,54,pop
gabrielle,2001,60,pop
nelly,2000,75,pop
trick daddy,2001,59,pop
travis,2001,68,rock
jay-z,2001,63,hip-hop
gabrielle,2001,69,pop
opm,2000,56,rock
k-ci & jojo,2019,30,pop
staind,2001,64,rock
3lw,2000,56,pop
ginuwine,2001,65,pop
*nsync,2001,45,pop
lifehouse,2000,61,rock
nelly,2002,77,pop
eminem,2002,87,hip-hop
avril lavigne,2002,78,pop
vanessa carlton,2002,75,pop
the calling,2001,72,pop
shakira,2001,64,pop
no doubt,2001,27,rock
truth hurts,2002,58,pop
busta rhymes,2002,68,pop
eminem,2002,85,hip-hop
diddy,2004,69,pop
christina milian,2001,60,pop
madonna,2003,53,pop
jennifer lopez,2002,53,pop
angie martinez,2019,40,pop
linkin park,2000,83,rock
pop,Pop,Pop,pop
aaliyah,2019,0,pop
holly valance,2002,54,pop
sugababes,2002,59,pop
marilyn manson,2003,60,rock
brandy,2002,43,pop
chad kroeger,2003,66,metal
britney spears,2001,61,pop
scooter,2013,46,pop
missy elliott,2001,49,pop
aaliyah,2002,42,pop
brandy,2002,52,pop
blue,2002,60,pop
busta rhymes,2001,55,pop
céline dion,2001,59,pop
scooter,2013,47,pop
eve,2002,58,pop
disturbing tha peace,2002,59,pop
khia,2015,59,pop
tweet,2002,64,pop
kylie minogue,2000,55,pop
nelly,2002,75,pop
gareth gates,2003,53,pop
christina aguilera,2002,68,pop
b2k,2002,49,pop
sugababes,2002,45,pop
dirty vegas,2002,48,electronic
fat joe,2001,73,pop
liberty x,2019,43,pop
no doubt,2001,26,rock
ll cool j,2002,2,pop
red hot chili peppers,2002,80,rock
musiq soulchild,2002,58,pop
sean paul,2002,59,pop
faith evans,2001,53,pop
charli baltimore,2002,47,pop
kylie minogue,2001,55,pop
n.o.r.e.,2002,58,pop
gareth gates,2003,35,pop
diddy,2005,63,pop
big brovaz,2001,45,pop
no doubt,2001,24,rock
ashanti,2002,55,pop
sophie ellis-bextor,2002,62,pop
justin timberlake,2002,62,pop
mary j. blige,2001,32,pop
a1,2001,53,pop
eminem,2002,71,hip-hop
ashanti,2002,61,pop
delta goodrem,2003,54,pop
p!nk,2001,68,pop
alicia keys,2001,52,pop
daniel bedingfield,2002,56,pop
coldplay,2002,79,rock
missy elliott,2002,70,pop
ronan keating,2002,60,rock
big tymers,2002,64,pop
creed,2001,69,rock
ja rule,2001,73,pop
ashanti,2002,70,pop
avril lavigne,2002,75,pop
dj sammy,2002,63,pop
britney spears,2001,58,pop
cam’ron,2002,67,pop
red hot chili peppers,2002,73,rock
elvis presley,2002,60,rock
atomic kitten,2002,65,pop
*nsync,2001,50,pop
robbie williams,2001,64,rock
alanis morissette,2002,57,pop
usher,2001,59,pop
creed,2015,47,rock
the goo goo dolls,2002,56,rock
puddle of mudd,2001,70,rock
ludacris,2001,60,pop
pop,Pop,Pop,pop
default,2001,40,rock
michelle branch,2001,60,pop
daniel bedingfield,2002,58,pop
enrique iglesias,2001,56,pop
puddle of mudd,2001,64,rock
coldplay,2002,72,rock
outkast,2001,51,pop
p!nk,2001,60,pop
50 cent,2003,81,pop
sean paul,2002,74,pop
eminem,2004,77,hip-hop
beyoncé,2003,76,pop
counting crows,2003,50,rock
black eyed peas,2003,68,pop
jennifer lopez,2002,70,pop
black eyed peas,2003,56,pop
t.a.t.u.,2020,39,pop
benny benassi,2003,66,pop
busta rhymes,2002,68,pop
panjabi mc,2003,61,hip-hop
mis-teeq,2004,59,pop
jay-z,2002,71,hip-hop
50 cent,2003,76,pop
jamelia,2003,69,pop
linkin park,2003,72,rock
dmx,2007,70,pop
evanescence,2003,79,metal
sugababes,2003,57,pop
craig david,2002,59,pop
three days grace,2003,72,rock
lil jon & the east side boyz,2002,47,pop
b2k,2003,62,pop
baby bash,2003,73,pop
aaliyah,2002,36,pop
britney spears,2003,59,pop
blue,2004,57,pop
delta goodrem,2003,54,pop
justin timberlake,2002,76,pop
the white stripes,2003,3,rock
youngbloodz,2003,54,pop
beyoncé,2003,63,pop
lil' kim,2019,47,pop
christina aguilera,2002,61,pop
nickelback,2003,68,rock
blue,2003,48,pop
ashanti,2003,50,pop
trapt,2002,72,rock
simply red,2008,58,rock
lumidee,2003,61,pop
girls aloud,2003,58,pop
nelly,2016,52,pop
room 5,2003,57,electronic
fatman scoop,2009,49,hip-hop
limp bizkit,2003,70,metal
sugababes,2003,58,pop
50 cent,2003,57,pop
pharrell williams,2003,67,pop
chingy,2003,69,pop
eminem,2002,71,hip-hop
lil' kim,2003,48,pop
mýa,2003,48,pop
50 cent,2003,72,pop
nelly,2002,61,pop
missy elliott,2002,57,pop
girls aloud,2003,60,pop
ultrabeat,2003,59,pop
christina aguilera,2002,67,pop
frankie j,2003,49,pop
snoop dogg,2005,67,pop
floetry,2002,57,pop
ginuwine,2003,59,pop
electric six,2003,0,rock
rachel stevens,2003,38,pop
ludacris,2003,57,pop
nas,2002,58,hip-hop
3 doors down,2002,67,rock
tyrese,2002,60,pop
justin timberlake,2002,73,pop
westlife,2003,57,pop
no doubt,2003,60,rock
amanda perez,2003,48,pop
jay-z,2002,56,hip-hop
coldplay,2002,79,rock
kelly rowland,2002,54,pop
missy elliott,2002,70,pop
ashanti,2003,65,pop
junior senior,2002,67,pop
audioslave,2002,75,rock
sean paul,2002,61,pop
jaheim,2002,55,pop
jennifer lopez,2002,60,pop
monica,2003,64,pop
dido,2003,44,pop
the roots,2002,63,hip-hop
chingy,2003,61,pop
fabolous,2003,61,pop
kelly clarkson,2003,47,pop
ja rule,2002,61,pop
matchbox twenty,2002,63,rock
outkast,2003,66,pop
fabolous,2003,67,pop
switchfoot,2003,61,rock
daniel bedingfield,2002,58,pop
good charlotte,2002,68,rock
wayne wonder,2003,63,soul
the strokes,2003,74,rock
avril lavigne,2002,70,pop
will young,2003,55,pop
usher,2004,81,pop
maroon 5,2002,77,pop
britney spears,2003,81,pop
outkast,2003,80,pop
hoobastank,2003,79,rock
anastacia,2004,65,pop
daddy yankee,2004,11,latin
black eyed peas,2004,53,pop
o-zone,2004,56,pop
terror squad,2004,67,hip-hop
anastacia,1999,56,pop
gwen stefani,2004,60,pop
ashanti,2004,56,pop
the rasmus,2003,68,metal
houston,2004,59,pop
beyoncé,2003,63,pop
linkin park,2003,81,rock
lloyd banks,2004,61,pop
akon,2004,16,pop
d12,2004,73,rock
jay sean,2004,42,pop
mario winans,2016,66,pop
destiny's child,2004,61,pop
eric prydz,2004,72,pop
ciara,2004,67,pop
kelis,2003,63,pop
ll cool j,2004,56,pop
spiderbait,2004,63,rock
pop,Pop,Pop,pop
britney spears,2004,53,pop
nina sky,2004,67,pop
baby bash,2003,73,pop
petey pablo,2003,56,pop
jay-z,2003,53,hip-hop
juanes,2004,70,pop
avril lavigne,2004,61,pop
robbie williams,2004,33,rock
black eyed peas,2003,49,pop
ying yang twins,2003,61,pop
enrique iglesias,2003,37,pop
kelis,2003,68,pop
linkin park,2003,68,rock
jojo,2005,49,pop
christina milian,2004,45,pop
avant,2003,56,pop
eminem,2004,67,hip-hop
sugababes,2003,58,pop
snoop dogg,2004,39,pop
sean paul,2002,68,pop
the shapeshifters,2004,65,electronic
d12,2004,57,rock
basement jaxx,2003,0,pop
kevin lyttle,2004,67,hip-hop
chingy,2003,61,pop
t.i.,2004,63,pop
pop,Pop,Pop,pop
kylie minogue,2004,47,pop
twista,2004,66,pop
n.e.r.d,2004,57,hip-hop
britney spears,2003,63,pop
u2,2004,64,rock
franz ferdinand,2004,77,rock
j-kwon,2001,59,pop
g-unit,2003,61,pop
lil' flip,2004,42,pop
kanye west,2004,73,hip-hop
evanescence,2003,72,metal
nelly,2004,57,pop
lemar,2004,46,soul
no doubt,2003,60,rock
avril lavigne,2004,58,pop
twista,2004,72,pop
green day,2004,77,rock
kelis,2003,57,pop
scissor sisters,2004,43,rock
alicia keys,2003,55,pop
kanye west,2004,76,hip-hop
special d.,2004,61,pop
ludacris,2003,48,pop
avril lavigne,2004,68,pop
dido,2003,44,pop
pop,Pop,Pop,pop
beyoncé,2003,62,pop
3 doors down,2002,74,rock
kanye west,2004,80,hip-hop
twista,2004,56,pop
katie melua,2003,55,pop
usher,2004,76,pop
lloyd,2004,59,pop
lmc,2004,59,electronic
the streets,2004,58,hip-hop
juvenile,2003,64,pop
outkast,2003,66,pop
girls aloud,2004,59,pop
jessica simpson,2003,57,pop
eminem,2004,48,hip-hop
gary jules,2001,65,pop
ashlee simpson,2004,56,pop
will young,2003,55,pop
alicia keys,2003,61,pop
mariah carey,2005,69,pop
mario,2004,72,pop
kanye west,2005,78,hip-hop
rihanna,2005,77,pop
50 cent,2005,79,pop
james blunt,2005,75,pop
green day,2004,72,rock
the pussycat dolls,2005,72,pop
daniel powter,2005,74,pop
akon,2004,28,pop
madonna,2005,74,pop
50 cent,2005,76,pop
crazy frog,2005,67,pop
eminem,2004,52,hip-hop
sean paul,2005,59,pop
gwen stefani,2004,68,pop
the chemical brothers,2005,63,electronic
fort minor,2005,73,rock
50 cent,2005,72,pop
the game,2005,74,pop
chris brown,2005,71,pop
mariah carey,2005,0,pop
black eyed peas,2005,67,pop
ciara,2004,61,pop
50 cent,2005,60,pop
baby bash,2005,4,pop
jennifer lopez,2005,65,pop
jay-z,2004,76,hip-hop
the game,2005,77,pop
gorillaz,2005,82,hip-hop
black eyed peas,2005,62,pop
akon,2004,21,pop
bodyrockers,2005,54,rock
sugababes,2005,64,pop
jeezy,2005,55,pop
eminem,2004,77,hip-hop
shakira,2005,72,pop
gorillaz,2005,73,hip-hop
snoop dogg,2004,54,pop
robbie williams,2005,58,rock
david banner,2005,52,pop
trillville,2004,50,pop
d4l,2005,63,pop
missy elliott,2005,67,pop
rob thomas,2005,56,pop
pop,Pop,Pop,pop
bobby v.,2005,65,pop
backstreet boys,2005,63,pop
pretty ricky,2005,63,pop
kanye west,2005,61,hip-hop
snoop dogg,2004,39,pop
fat joe,2005,41,pop
destiny's child,2004,63,pop
ciara,2005,52,pop
amerie,2008,52,pop
ludacris,2004,59,pop
franz ferdinand,2005,61,rock
natalie imbruglia,2005,52,pop
gwen stefani,2004,69,pop
pretty ricky,2005,59,pop
thirty seconds to mars,2005,74,rock
alicia keys,2003,50,pop
2pac,2004,68,hip-hop
craig david,2005,56,pop
katie melua,2005,60,pop
lil jon & the east side boyz,2004,66,pop
mariah carey,2005,0,pop
ying yang twins,2005,57,pop
will smith,2020,34,pop
bow wow,2005,66,pop
kaiser chiefs,2005,58,rock
kelly clarkson,2004,59,pop
black eyed peas,2005,61,pop
westlife,2005,1,pop
ray j,2005,62,pop
papa roach,2004,60,rock
arctic monkeys,2006,71,rock
shayne ward,2006,1,pop
bow wow,2005,62,pop
kaiser chiefs,2005,63,rock
usher,2004,61,pop
kelly clarkson,2004,71,pop
3 doors down,2012,52,rock
nickelback,2005,67,rock
t-pain,2005,0,pop
destiny's child,2004,58,pop
the pussycat dolls,2005,67,pop
ryan cabrera,2004,62,pop
stereophonics,2005,69,rock
eminem,2004,67,hip-hop
nelly,2004,61,pop
coldplay,2005,69,rock
kt tunstall,2005,71,pop
destiny's child,2004,55,pop
kelly clarkson,2004,71,pop
u2,2004,56,rock
the all-american rejects,2005,65,rock
toby keith,2005,67,country
gwen stefani,2004,59,pop
foo fighters,2005,76,rock
shakira,2005,82,pop
sean paul,2005,78,pop
justin timberlake,2006,78,pop
beyoncé,2007,70,pop
amy winehouse,2006,71,soul
rihanna,2006,73,pop
gnarls barkley,2006,74,soul
busta rhymes,2006,61,pop
nelly furtado,2006,79,pop
bob sinclar,2006,69,pop
diddy,2006,55,pop
madonna,2005,61,pop
chamillionaire,2005,71,pop
black eyed peas,2005,75,pop
nelly furtado,2006,82,pop
fedde le grand,2015,39,pop
sean paul,2006,58,pop
the pussycat dolls,2005,68,pop
ciara,2006,59,pop
eminem,2005,74,hip-hop
cherish,2006,65,pop
muse,2006,75,rock
chris brown,2005,63,pop
infernal,2004,57,pop
cassie,2006,73,pop
e-40,2006,63,pop
the pussycat dolls,2005,57,pop
lil jon,2006,67,pop
armand van helden,2006,40,pop
the notorious b.i.g.,2005,68,hip-hop
yung joc,2006,66,pop
shayne ward,2006,1,pop
justin timberlake,2006,72,pop
nickelback,2005,65,rock
nelly,2005,60,pop
take that,2006,64,pop
fergie,2006,57,pop
cascada,2011,0,pop
d4l,2005,63,pop
ll cool j,2006,42,pop
beyoncé,2007,57,pop
p!nk,2006,0,pop
eminem,2005,68,hip-hop
kelis,2006,50,pop
bob sinclar,2005,49,pop
pop,Pop,Pop,pop
mary j. blige,2005,69,pop
girls aloud,2012,49,pop
rihanna,2006,70,pop
kanye west,2005,73,hip-hop
dem franchize boyz,2006,60,pop
evanescence,2006,65,metal
chingy,2006,62,pop
nickelback,2005,70,rock
fall out boy,2005,74,rock
leona lewis,2007,57,pop
t.i.,2006,64,pop
ludacris,2006,62,pop
nick lachey,2006,37,pop
jibbs,2006,56,pop
arctic monkeys,2006,72,rock
rascal flatts,2006,0,country
beyoncé,2006,45,pop
keyshia cole,2005,72,pop
lily allen,2006,68,pop
ne-yo,2006,67,pop
jojo,2006,48,pop
mary j. blige,2005,64,pop
bubba sparxxx,2005,62,pop
amy winehouse,2006,63,soul
rascal flatts,2006,69,country
red hot chili peppers,2006,76,rock
scissor sisters,2006,63,rock
ne-yo,2006,75,pop
hinder,2019,35,rock
the raconteurs,2006,56,rock
the fratellis,2006,68,rock
fort minor,2005,42,rock
the pussycat dolls,2005,67,pop
panic! at the disco,2005,70,rock
james blunt,2005,67,pop
christina aguilera,2006,63,pop
westlife,2006,0,pop
keane,2006,59,pop
orson,2006,46,pop
t-pain,2005,0,pop
kt tunstall,2005,64,pop
natasha bedingfield,2004,2,pop
razorlight,2006,67,rock
james morrison,2006,64,pop
snow patrol,2006,35,rock
the fray,2005,79,pop
sandi thom,2006,61,pop
my chemical romance,2006,76,rock
razorlight,2006,59,rock
the all-american rejects,2005,65,rock
james morrison,2006,49,pop
chris brown,2005,69,pop
p!nk,2006,0,pop
the kooks,2006,73,rock
leona lewis,2007,75,pop
rihanna,2008,81,pop
britney spears,2007,79,pop
fergie,2006,76,pop
mark ronson,2007,0,pop
plain white t's,2005,78,pop
justin timberlake,2006,70,pop
gwen stefani,2006,71,pop
timbaland,2007,80,pop
nelly furtado,2006,81,pop
pop,Pop,Pop,pop
alex gaudino,2007,73,electronic
september,2007,65,pop
akon,2006,58,pop
timbaland,2007,70,pop
50 cent,2007,67,pop
eric prydz,2007,0,pop
fedde le grand,2015,0,pop
ciara,2006,68,pop
kanye west,2007,54,hip-hop
beyoncé,2007,64,pop
gym class heroes,2007,59,pop
akon,2006,53,pop
soulja boy,2007,74,pop
fat joe,2006,59,pop
p!nk,2006,0,pop
rihanna,2008,69,pop
lloyd,2007,62,pop
kanye west,2007,47,hip-hop
pop,Pop,Pop,pop
linkin park,2007,77,rock
keyshia cole,2007,60,pop
chris brown,2007,68,pop
shop boyz,2007,61,pop
finger eleven,2007,73,rock
justin timberlake,2006,66,pop
mims,2007,59,pop
fabolous,2007,62,pop
seether,2007,73,rock
take that,2006,64,pop
arctic monkeys,2007,67,rock
justin timberlake,2006,72,pop
fergie,2006,64,pop
linkin park,2007,73,rock
my chemical romance,2006,80,rock
calvin harris,2007,57,pop
sugababes,2007,66,pop
avril lavigne,2007,75,pop
ne-yo,2007,74,pop
daughtry,2016,45,rock
unk,2013,48,pop
lloyd,2007,70,pop
klaxons,2007,65,rock
t-pain,2007,3,pop
baby boy da prince,2006,59,pop
fergie,2006,63,pop
omarion,2006,57,pop
pretty ricky,2007,57,pop
nickelback,2005,69,rock
fall out boy,2007,76,rock
justin timberlake,2006,57,pop
all time low,2007,76,rock
amy winehouse,2006,76,soul
keyshia cole,2007,58,pop
ciara,2006,56,pop
enrique iglesias,2007,45,pop
t2,2017,59,electronic
robyn,2005,36,pop
maroon 5,2007,62,pop
fall out boy,2007,68,rock
paramore,2007,72,rock
hinder,2019,30,rock
huey,2006,52,pop
foo fighters,2007,78,rock
plies,2007,61,pop
kaiser chiefs,2007,67,rock
mark ronson,2007,46,pop
bow wow,2006,57,pop
jim jones,2006,0,pop
the red jumpsuit apparatus,2006,74,pop
mika,2006,69,pop
christina aguilera,2006,66,pop
sean kingston,2007,78,pop
akon,2006,52,pop
james blunt,2007,68,pop
carrie underwood,2005,76,pop
just jack,2006,52,electronic
t-pain,2007,2,pop
bone thugs-n-harmony,2007,61,pop
avril lavigne,2007,68,pop
rich boy,2007,57,pop
mika,2006,57,pop
manic street preachers,2007,53,rock
pop,Pop,Pop,pop
pop,Pop,Pop,pop
boys like girls,2007,62,pop
take that,2007,58,pop
j. holiday,2007,64,pop
red hot chili peppers,2006,79,rock
ludacris,2006,51,pop
flo rida,2008,80,pop
katy perry,2008,73,pop
rihanna,2008,74,pop
alicia keys,2007,77,pop
timbaland,2007,74,pop
ne-yo,2008,71,pop
chris brown,2007,70,pop
beyoncé,2008,66,pop
kardinal offishall,2008,75,pop
madcon,2007,70,pop
september,2007,65,pop
rihanna,2008,76,pop
guru josh project,2011,1,hip-hop
britney spears,2007,61,pop
lil wayne,2008,69,pop
basshunter,2008,63,pop
kanye west,2007,52,hip-hop
madonna,2009,71,pop
katy perry,2008,73,pop
rihanna,2008,77,pop
snoop dogg,2007,56,pop
akon,2008,69,pop
britney spears,2008,76,pop
eric prydz,2008,65,pop
kelly rowland,2010,34,pop
jeezy,2008,69,pop
madonna,2008,57,pop
the pussycat dolls,2008,72,pop
will.i.am,2007,46,pop
soulja boy,2007,74,pop
britney spears,2007,64,pop
t.i.,2008,75,pop
ne-yo,2008,65,pop
lil wayne,2008,69,pop
colby o'donis,2008,61,pop
miley cyrus,2007,0,pop
basshunter,2008,65,pop
chris brown,2007,68,pop
finger eleven,2007,73,rock
alesha dixon,2008,51,pop
dizzee rascal,2011,68,pop
gabriella cilmi,2008,56,soul
jack white,2007,56,rock
plies,2007,66,pop
the pussycat dolls,2008,64,pop
sean kingston,2008,65,pop
natasha bedingfield,2008,62,pop
the offspring,2008,78,rock
kanye west,2007,47,hip-hop
estelle,2008,78,soul
saving abel,2008,69,rock
pendulum,2008,57,electronic
the game,2008,60,pop
danity kane,2008,57,pop
p!nk,2008,76,pop
kanye west,2008,66,hip-hop
gym class heroes,2008,54,pop
m.i.a.,2007,1,rock
3 doors down,2008,56,rock
kylie minogue,2007,47,pop
mariah carey,2008,0,pop
mgmt,2007,77,rock
the ting tings,2007,55,rock
lil wayne,2008,58,pop
santana,2007,57,rock
the-dream,2007,62,pop
wiley,2008,59,hip-hop
usher,2008,71,pop
sam sparro,2008,53,pop
"h ""two"" o",2008,55,electronic
the ting tings,2008,51,rock
plies,2008,61,pop
james morrison,2008,70,pop
leona lewis,2007,62,pop
metro station,2007,67,rock
t.i.,2008,74,pop
trey songz,2007,62,pop
onerepublic,2007,59,pop
alexandra burke,2009,63,pop
mary j. blige,2007,64,pop
jordin sparks,2007,56,pop
coldplay,2008,80,rock
kings of leon,2008,80,rock
kanye west,2007,45,hip-hop
duffy,2008,69,pop
david archuleta,2008,67,pop
j. holiday,2007,58,pop
gavin degraw,2008,51,pop
jordin sparks,2007,54,pop
coldplay,2008,63,rock
ray j,2008,1,pop
jennifer hudson,2008,60,pop
john legend,2008,55,pop
jonas brothers,2008,68,pop
lupe fiasco,2007,64,pop
chris brown,2008,74,pop
adele,2008,1,pop
leona lewis,2007,67,pop
fergie,2006,58,pop
t-pain,2008,0,pop
black eyed peas,2009,80,pop
lady gaga,2008,77,pop
beyoncé,2008,74,pop
david guetta,2010,75,pop
flo rida,2009,74,pop
taylor swift,2008,74,pop
pitbull,2009,63,pop
britney spears,2008,74,pop
lady gaga,2008,69,pop
skillet,2009,75,rock
the prodigy,2009,57,rock
black eyed peas,2009,72,pop
kanye west,2008,82,hip-hop
kid cudi,2009,72,hip-hop
lady gaga,2008,76,pop
britney spears,2008,69,pop
pitbull,2009,59,pop
mariah carey,2009,66,pop
beyoncé,2008,48,pop
agnes,2009,65,pop
black eyed peas,2009,68,pop
shakira,2009,68,pop
lady gaga,2008,70,pop
jay-z,2009,82,hip-hop
onerepublic,2009,65,pop
jeremih,2009,67,pop
cascada,2009,63,pop
linkin park,2009,68,rock
kevin rudolf,2008,66,pop
jay-z,2009,75,hip-hop
lady gaga,2009,80,pop
t.i.,2008,75,pop
eminem,2009,63,hip-hop
dizzee rascal,2011,38,pop
ciara,2009,58,pop
rihanna,2009,64,pop
soulja boy,2008,59,pop
the xx,2009,2,rock
jay sean,2009,3,pop
keri hilson,2008,41,pop
david guetta,2010,69,pop
cheryl,2009,65,pop
soulja boy,2008,76,pop
eminem,2009,70,hip-hop
p!nk,2010,46,pop
tinchy stryder,2009,59,pop
pixie lott,2009,54,pop
jls,2009,0,pop
3oh!3,2008,70,rock
pop,Pop,Pop,pop
the pussycat dolls,2008,64,pop
akon,2008,65,pop
alexandra burke,2009,57,pop
mario,2009,51,pop
drake,2009,73,pop
selena gomez & the scene,2009,63,pop
kanye west,2008,66,hip-hop
the veronicas,2005,58,pop
fabolous,2009,59,pop
jason derulo,2010,70,pop
lily allen,2009,54,pop
t.i.,2008,68,pop
sean kingston,2009,71,pop
empire of the sun,2008,77,rock
cobra starship,2009,65,pop
nickelback,2008,66,rock
la roux,2009,71,pop
kasabian,2009,64,rock
calvin harris,2009,55,pop
justin bieber,2009,71,pop
jamie foxx,2008,65,pop
la roux,2009,59,pop
muse,2009,75,rock
nickelback,2008,62,rock
james morrison,2008,70,pop
t.i.,2008,74,pop
dizzee rascal,2011,60,pop
beyoncé,2008,67,pop
boys like girls,2009,64,pop
the-dream,2009,62,pop
onerepublic,2009,74,pop
jls,2013,39,pop
jason aldean,2009,50,country
the fray,2009,67,pop
lily allen,2009,53,pop
kings of leon,2008,80,rock
drake,2010,54,pop
kelly clarkson,2009,56,pop
miley cyrus,2009,79,pop
jordin sparks,2009,57,pop
ne-yo,2008,64,pop
green day,2009,73,rock
keri hilson,2009,57,pop
taylor swift,2008,55,pop
shinedown,2008,67,rock
asher roth,2009,62,pop
katy perry,2008,49,pop
kelly clarkson,2009,68,pop
mumford & sons,2009,68,rock
the fray,2009,73,pop
bruno mars,2010,77,pop
eminem,2010,81,hip-hop
lady gaga,2009,80,pop
stromae,2010,77,pop
kesha,2010,80,pop
david guetta,2010,76,pop
taio cruz,2010,80,pop
rihanna,2010,73,pop
katy perry,2012,72,pop
kesha,2010,68,pop
inna,2010,42,pop
far east movement,2010,73,pop
david guetta,2010,62,pop
duck sauce,2010,46,electronic
lucenzo,2011,0,latin
rihanna,2009,67,pop
timbaland,2009,69,pop
dj fresh,2010,63,pop
edward maya,2010,66,pop
taio cruz,2010,74,pop
black eyed peas,2009,61,pop
sidney samson,2009,47,electronic
eminem,2010,79,hip-hop
lady gaga,2009,67,pop
rihanna,2009,74,pop
ne-yo,2010,57,pop
3oh!3,2010,32,rock
black eyed peas,2010,69,pop
kelly rowland,2011,59,pop
swedish house mafia,2010,63,pop
chris brown,2011,68,pop
usher,2010,79,pop
iyaz,2009,75,pop
flo rida,2010,76,pop
sean kingston,2010,74,pop
waka flocka flame,2010,58,pop
tinie tempah,2010,57,pop
bruno mars,2010,76,pop
miley cyrus,2010,0,pop
mike posner,2010,75,pop
lady gaga,2009,69,pop
yolanda be cool,2010,1,electronic
rihanna,2009,55,pop
tinie tempah,2010,53,pop
adam lambert,2009,57,pop
trey songz,2010,0,pop
timbaland,2009,68,pop
enrique iglesias,2010,63,pop
tim berg,2010,0,pop
usher,2010,73,pop
maroon 5,2010,67,pop
jay sean,2009,3,pop
rihanna,2010,68,pop
3oh!3,2010,62,rock
justin bieber,2010,81,pop
cali swag district,2011,66,pop
swedish house mafia,2010,54,pop
pop,Pop,Pop,pop
ludacris,2010,63,pop
kesha,2010,61,pop
dj khaled,2010,51,pop
jason derulo,2010,65,pop
aloe blacc,2010,1,soul
b.o.b,2010,74,pop
ludacris,2010,68,pop
nelly,2010,73,pop
rihanna,2010,66,pop
shontelle,2010,35,pop
take that,2010,57,pop
trey songz,2009,54,pop
jason derulo,2010,70,pop
drake,2010,57,pop
example,2010,63,pop
plan b,2010,62,electronic
the saturdays,2010,61,pop
jay sean,2009,2,pop
usher,2010,60,pop
lil wayne,2010,68,pop
the wanted,2010,18,pop
kesha,2010,69,pop
ellie goulding,2010,54,rock
drake,2010,56,pop
jason derulo,2010,66,pop
two door cinema club,2010,0,rock
jay-z,2009,65,hip-hop
young money,2009,71,pop
b.o.b,2010,74,pop
katy perry,2010,69,pop
scouting for girls,2017,52,rock
travie mccoy,2010,72,pop
owl city,2009,78,rock
alicia keys,2009,71,pop
lady a,2010,73,pop
taylor swift,2010,65,pop
neon trees,2010,64,rock
kris allen,2009,51,pop
matt cardle,2011,46,pop
robyn,2010,0,pop
the band perry,2010,64,country
b.o.b,2010,65,pop
adele,2011,2,pop
maroon 5,2010,77,pop
lmfao,2011,73,pop
katy perry,2010,72,pop
bruno mars,2010,78,pop
pitbull,2011,71,pop
alexandra stan,2011,0,pop
david guetta,2010,71,pop
jennifer lopez,2011,79,pop
rihanna,2010,73,pop
kesha,2010,69,pop
snoop dogg,2011,68,pop
taio cruz,2010,61,pop
usher,2010,67,pop
example,2011,42,pop
black eyed peas,2010,76,pop
david guetta,2012,72,pop
lykke li,2011,51,pop
pitbull,2011,81,pop
selena gomez & the scene,2011,79,pop
wiz khalifa,2011,75,pop
katy perry,2012,65,pop
britney spears,2011,66,pop
gym class heroes,2011,81,pop
edward maya,2010,66,pop
enrique iglesias,2010,63,pop
jeremih,2010,72,pop
sak noel,2011,49,electronic
olly murs,2011,61,pop
lmfao,2011,67,pop
cobra starship,2011,70,pop
jessie j,2011,57,pop
dj fresh,2012,55,pop
waka flocka flame,2010,76,pop
nickelback,2011,65,rock
m83,2011,76,rock
britney spears,2011,65,pop
labrinth,2012,62,pop
jason derulo,2011,63,pop
coldplay,2011,82,rock
katy perry,2012,74,pop
adele,2011,2,pop
dr. dre,2011,71,hip-hop
lil wayne,2011,1,pop
dj khaled,2011,70,pop
chris brown,2011,71,pop
far east movement,2010,61,pop
the wanted,2011,77,pop
kesha,2010,71,pop
kelly rowland,2011,65,pop
rihanna,2011,75,pop
nicole scherzinger,2011,62,pop
mann,2011,48,pop
chris brown,2011,69,pop
swedish house mafia,2011,65,pop
kanye west,2010,76,hip-hop
miguel,2010,78,pop
diddy - dirty money,2010,69,pop
rihanna,2010,66,pop
chris brown,2019,53,pop
avril lavigne,2011,74,pop
professor green,2011,39,electronic
chase & status,2011,60,electronic
chip,2011,48,hip-hop
selena gomez & the scene,2011,76,pop
rizzle kicks,2011,59,hip-hop
lady gaga,2011,72,pop
nicki minaj,2010,0,pop
mac miller,2011,61,hip-hop
calvin harris,2012,62,pop
david guetta,2012,70,pop
foster the people,2011,82,rock
drake,2011,74,pop
jessie j,2011,73,pop
jason aldean,2010,53,country
wiz khalifa,2011,63,pop
onerepublic,2009,72,pop
bad meets evil,2011,68,pop
bruno mars,2010,75,pop
lupe fiasco,2011,70,pop
james morrison,2011,64,pop
jason derulo,2011,70,pop
adele,2011,4,pop
red hot chili peppers,2011,65,rock
keri hilson,2010,67,pop
p!nk,2010,60,pop
blake shelton,2011,50,country
lady gaga,2011,67,pop
lady a,2011,63,pop
hot chelle rae,2011,73,rock
grouplove,2011,79,rock
coldplay,2011,69,rock
beyoncé,2011,69,pop
p!nk,2010,76,pop
christina perri,2011,72,pop
bruno mars,2010,75,pop
the band perry,2010,64,country
lil wayne,2011,0,pop
charlene soraia,2011,60,pop
christina perri,2011,70,pop
rihanna,2011,75,pop
carly rae jepsen,2012,78,pop
fun.,2012,76,rock
sean paul,2012,70,pop
pitbull,2011,74,pop
dev,2012,52,pop
adele,2012,74,pop
david guetta,2012,65,pop
rihanna,2011,71,pop
jay-z,2011,82,hip-hop
maroon 5,2012,74,pop
skrillex,2011,70,pop
the wanted,2012,69,pop
flo rida,2012,77,pop
will.i.am,2013,62,pop
david guetta,2012,66,pop
nicki minaj,2012,64,pop
kendrick lamar,2012,63,hip-hop
marina,2012,78,pop
kanye west,2012,73,hip-hop
dj fresh,2012,58,pop
lmfao,2011,67,pop
psy,2012,72,pop
kesha,2012,78,pop
usher,2012,66,pop
olly murs,2012,0,pop
linkin park,2012,73,rock
bruno mars,2012,85,pop
avicii,2011,77,pop
flo rida,2012,76,pop
rihanna,2012,75,pop
wiz khalifa,2012,62,pop
katy perry,2012,73,pop
nicki minaj,2012,75,pop
kendrick lamar,2012,67,hip-hop
asaf avidan & the mojos,2012,0,pop
florence + the machine,2011,68,rock
azealia banks,2014,0,pop
maroon 5,2012,82,pop
james arthur,2013,75,pop
michel teló,2012,0,"country, latin"
otto knows,2012,0,pop
icona pop,2012,51,pop
tyga,2012,61,pop
calvin harris,2012,79,pop
jennifer lopez,2012,0,pop
grimes,2012,0,rock
adele,2011,0,pop
coldplay,2011,82,rock
chris brown,2012,64,pop
frank ocean,2012,64,pop
calvin harris,2012,66,pop
the script,2012,78,rock
swedish house mafia,2012,76,pop
marina,2012,50,pop
justin bieber,2012,63,pop
david guetta,2012,79,pop
jessie j,2011,74,pop
taylor swift,2012,59,pop
schoolboy q,2012,61,pop
p!nk,2012,76,pop
robbie williams,2012,68,rock
snoop dogg,2011,77,pop
justin bieber,2012,67,pop
rita ora,2012,46,pop
alex clare,2011,60,rock
tyga,2012,58,pop
alesso,2012,0,pop
guy sebastian,2012,0,pop
katy perry,2012,72,pop
avicii,2012,53,pop
pop,Pop,Pop,pop
flo rida,2012,77,pop
one direction,2012,82,pop
lana del rey,2012,53,pop
kesha,2012,0,pop
owl city,2012,77,rock
calvin harris,2012,62,pop
emeli sandé,2012,65,pop
ellie goulding,2010,63,rock
train,2012,77,pop
disclosure,2013,74,pop
coldplay,2011,66,rock
one direction,2012,0,pop
gym class heroes,2011,61,pop
carrie underwood,2012,63,pop
alt-j,2012,71,rock
chris brown,2012,62,pop
kelly clarkson,2011,74,pop
drake,2011,74,pop
katy perry,2012,65,pop
rita ora,2012,48,pop
rudimental,2013,64,pop
lana del rey,2012,66,pop
ne-yo,2012,69,pop
demi lovato,2011,71,pop
drake,2011,75,pop
little mix,2012,0,pop
bruno mars,2011,74,pop
cher lloyd,2011,67,pop
lorde,2013,77,pop
robin thicke,2013,55,pop
imagine dragons,2012,77,rock
avicii,2013,6,pop
bruno mars,2012,85,pop
macklemore & ryan lewis,2012,1,pop
daft punk,2013,83,hip-hop
will.i.am,2013,78,pop
stromae,2013,0,pop
bingo players,2013,1,pop
naughty boy,2013,58,electronic
tom odell,2013,88,pop
2 chainz,2013,69,pop
david guetta,2012,69,pop
pitbull,2012,77,pop
will.i.am,2013,68,pop
lil wayne,2013,68,pop
macklemore & ryan lewis,2012,81,pop
martin garrix,2013,0,pop
jason derulo,2013,56,pop
pop,Pop,Pop,pop
britney spears,2013,0,pop
the neighbourhood,2013,89,rock
sebastian ingrosso,2013,68,pop
capital cities,2013,0,pop
demi lovato,2013,79,pop
arctic monkeys,2013,84,rock
justin bieber,2012,73,pop
eminem,2013,75,hip-hop
pitbull,2012,64,pop
selena gomez,2013,69,pop
p!nk,2012,71,pop
disclosure,2013,54,pop
flo rida,2012,60,pop
kanye west,2013,0,hip-hop
lana del rey,2013,72,pop
eminem,2013,66,hip-hop
icona pop,2013,68,pop
fall out boy,2013,71,rock
lorde,2013,0,pop
avicii,2012,68,pop
imagine dragons,2012,81,rock
one direction,2013,66,pop
taylor swift,2012,76,pop
arctic monkeys,2013,84,rock
rudimental,2013,66,pop
klangkarussell,2014,68,pop
calvin harris,2012,61,pop
a$ap rocky,2013,76,hip-hop
p!nk,2012,76,pop
ylvis,2013,63,hip-hop
ellie goulding,2014,70,rock
baauer,2013,57,electronic
calvin harris,2012,70,pop
katy perry,2013,60,pop
awolnation,2011,2,rock
duke dumont,2013,27,pop
jason derulo,2013,50,pop
storm queen,2014,0,electronic
calvin harris,2012,71,pop
katy perry,2013,0,pop
wale,2013,61,pop
ciara,2013,64,pop
drake,2013,65,pop
birdy,2013,48,pop
bastille,2013,61,rock
olly murs,2012,59,pop
katy perry,2013,73,pop
blake shelton,2013,56,country
calvin harris,2012,65,pop
jay-z,2013,62,hip-hop
bridgit mendler,2012,72,pop
the saturdays,2013,61,pop
bastille,2013,74,rock
one direction,2013,76,pop
nelly,2013,57,pop
zedd,2012,0,pop
miley cyrus,2013,77,pop
chris brown,2013,0,pop
daft punk,2013,69,hip-hop
armin van buuren,2013,66,pop
justin timberlake,2013,78,pop
bruno mars,2012,78,pop
of monsters and men,2012,79,rock
miley cyrus,2013,78,pop
j. cole,2013,0,hip-hop
paramore,2013,79,rock
christina perri,2013,59,pop
drake,2013,72,pop
james blunt,2013,0,pop
maroon 5,2012,66,pop
childish gambino,2013,0,hip-hop
avril lavigne,2013,0,pop
taylor swift,2012,68,pop
passenger,2012,73,pop
ariana grande,2013,65,pop
rihanna,2012,76,pop
justin timberlake,2013,67,pop
bruno mars,2012,83,pop
florida georgia line,2012,57,country
pharrell williams,2014,79,pop
katy perry,2013,74,pop
schoolboy q,2014,0,pop
iggy azalea,2014,69,pop
maroon 5,2014,79,pop
sam smith,2014,80,pop
pop,Pop,Pop,pop
sia,2014,78,pop
john legend,2013,84,pop
zhu,2014,49,electronic
meghan trainor,2015,72,pop
david guetta,2014,50,pop
iggy azalea,2014,67,pop
tove lo,2014,74,pop
oliver heldens,2014,67,pop
dj snake,2014,69,pop
jason derulo,2013,56,pop
maroon 5,2014,0,pop
david guetta,2014,45,pop
tinashe,2014,71,pop
route 94,2014,72,pop
taylor swift,2014,54,pop
trey songz,2015,62,pop
calvin harris,2014,72,pop
o.t. genasis,2014,61,pop
jason derulo,2013,66,pop
lilly wood and the prick,2014,66,rock
jeremih,2015,74,pop
nicki minaj,2014,66,pop
calvin harris,2014,75,pop
dj snake,2013,70,pop
pitbull,2012,80,pop
onerepublic,2014,62,pop
bobby shmurda,2014,73,pop
calvin harris,2014,21,pop
schoolboy q,2014,0,pop
nico & vinz,2014,76,pop
becky g,2014,78,pop
sigma,2014,62,pop
the chainsmokers,2014,0,pop
lorde,2013,76,pop
rixton,2014,77,pop
klingande,2013,50,pop
mr. probz,2014,2,hip-hop
paloma faith,2014,80,pop
kiesza,2014,64,pop
ellie goulding,2014,70,rock
ariana grande,2014,0,pop
kid ink,2014,68,pop
tove lo,2014,66,pop
chris brown,2014,72,pop
onerepublic,2014,59,pop
olly murs,2014,0,pop
peking duk,2014,48,electronic
pop,Pop,Pop,pop
ed sheeran,2014,72,pop
ariana grande,2014,74,pop
enrique iglesias,2014,66,pop
avicii,2013,2,pop
jessie j,2014,77,pop
duke dumont,2014,67,pop
gorgon city,2014,61,pop
taylor swift,2014,61,pop
mkto,2012,82,pop
disclosure,2013,74,pop
ariana grande,2014,73,pop
charli xcx,2014,49,pop
one direction,2014,79,pop
tiësto,2013,0,pop
selena gomez,2014,58,pop
rita ora,2014,65,pop
5 seconds of summer,2014,74,pop
the script,2014,74,rock
taylor swift,2014,79,pop
one direction,2014,83,pop
ed sheeran,2014,69,pop
alesso,2014,52,pop
tiësto,2014,0,pop
g.r.l.,2014,64,pop
coldplay,2014,80,rock
clean bandit,2014,72,pop
zedd,2014,63,pop
sia,2014,70,pop
one direction,2013,81,pop
alex & sierra,2014,75,pop
omarion,2014,55,pop
echosmith,2013,71,pop
pop,Pop,Pop,pop
vance joy,2014,80,rock
beyoncé,2014,70,pop
maroon 5,2014,0,pop
ella henderson,2014,63,pop
ed sheeran,2013,71,pop
chris brown,2014,67,pop
sheppard,2014,0,rock
olly murs,2014,0,pop
sam smith,2014,62,pop
jason derulo,2013,53,pop
nicki minaj,2014,53,pop
nick jonas,2014,0,pop
mark ronson,2015,82,pop
ed sheeran,2014,81,pop
wiz khalifa,2015,81,pop
justin bieber,2015,77,pop
major lazer,2015,73,pop
the weeknd,2014,76,pop
ellie goulding,2015,78,rock
calvin harris,2014,78,pop
david guetta,2014,75,pop
demi lovato,2015,0,pop
taylor swift,2014,82,pop
the weeknd,2015,84,pop
the neighbourhood,2015,85,rock
deorro,2015,66,pop
avicii,2014,85,pop
dj snake,2014,69,pop
adam lambert,2015,46,pop
rae sremmurd,2015,71,pop
taylor swift,2015,70,pop
flo rida,2015,49,pop
robin schulz,2015,76,pop
calvin harris,2015,76,pop
philip george,2014,65,pop
trey songz,2015,62,pop
fall out boy,2015,80,rock
rob $tone,2016,76,hip-hop
lost frequencies,2014,33,pop
twenty one pilots,2015,83,rock
fifth harmony,2015,73,pop
kaleo,2015,63,rock
sam smith,2014,79,pop
major lazer,2015,49,pop
martin solveig,2015,48,pop
avicii,2015,79,pop
felix jaehn,2018,72,pop
taylor swift,2014,78,pop
the weeknd,2015,0,pop
pitbull,2014,80,pop
galantis,2015,74,pop
rihanna,2015,73,pop
zara larsson,2015,0,pop
one direction,2015,79,pop
travis scott,2015,73,hip-hop
years & years,2015,0,pop
demi lovato,2015,64,pop
lemaitre,2017,59,pop
selena gomez,2015,69,pop
pia mia,2015,72,pop
flo rida,2015,76,pop
silentó,2015,0,hip-hop
chris brown,2015,71,pop
the strumbellas,2016,71,rock
fetty wap,2015,68,pop
tove lo,2014,66,pop
beyoncé,2014,69,pop
lana del rey,2015,67,pop
zara larsson,2017,73,pop
jeremih,2015,77,pop
drake,2016,77,pop
selena gomez,2015,64,pop
birdy,2015,68,pop
fetty wap,2015,74,pop
ariana grande,2014,74,pop
the weeknd,2015,79,pop
saygrace,2015,55,pop
x ambassadors,2015,75,rock
r. city,2015,77,pop
kygo,2016,74,pop
tame impala,2015,83,metal
selena gomez,2015,0,pop
fetty wap,2015,55,pop
hozier,2014,81,pop
taylor swift,2014,77,pop
alessia cara,2015,0,pop
sam smith,2015,66,pop
david guetta,2015,47,pop
meek mill,2015,68,pop
big sean,2015,75,pop
kygo,2016,76,pop
drake,2015,0,pop
petit biscuit,2015,71,electronic
shawn mendes,2015,78,pop
flo rida,2015,67,pop
selena gomez,2014,64,pop
jack ü,2015,74,pop
ellie goulding,2015,0,rock
bryson tiller,2015,78,pop
rich homie quan,2015,1,pop
joel adams,2015,71,soul
zedd,2015,0,pop
jonas blue,2015,67,pop
børns,2015,0,rock
sigala,2018,66,pop
justin bieber,2015,80,pop
ariana grande,2014,79,pop
little mix,2015,1,pop
one direction,2015,77,pop
years & years,2015,55,pop
meghan trainor,2015,70,pop
nicky jam,2017,51,latin
the weeknd,2016,0,pop
drake,2016,84,pop
justin bieber,2015,0,pop
the chainsmokers,2016,83,pop
adele,2015,1,pop
desiigner,2016,70,pop
burak yeter,2016,72,electronic
sia,2016,67,pop
onerepublic,2016,70,pop
rihanna,2016,75,pop
coldplay,2015,82,rock
justin bieber,2015,80,pop
justin timberlake,2016,76,pop
willow,2015,86,pop
desiigner,2016,67,pop
g-eazy,2015,77,pop
david guetta,2016,68,pop
astrid s,2016,0,rock
lil wayne,2016,75,pop
twenty one pilots,2016,80,rock
future,2016,74,pop
galantis,2016,67,pop
the chainsmokers,2016,79,pop
tinie tempah,2016,62,pop
alok,2016,51,pop
jon bellion,2016,70,pop
cheat codes,2016,0,pop
meghan trainor,2017,69,pop
dua lipa,2017,65,pop
martin garrix,2016,76,pop
alan walker,2018,78,electronic
tove lo,2016,0,pop
dj snake,2016,81,pop
calvin harris,2016,79,pop
mike posner,2016,77,pop
kevin gates,2016,69,pop
rihanna,2016,80,pop
ariana grande,2016,0,pop
marshmello,2016,71,pop
shawn mendes,2015,73,pop
selena gomez,2015,69,pop
calvin harris,2016,74,pop
fitz and the tantrums,2016,64,rock
twenty one pilots,2015,80,rock
flo rida,2015,76,pop
ariana grande,2016,0,pop
anne-marie,2016,57,pop
charlie puth,2016,79,pop
alunageorge,2016,0,pop
enrique iglesias,2016,68,pop
mnek,2015,45,electronic
mike perry,2016,70,pop
drake,2016,0,pop
ariana grande,2016,3,pop
shawn mendes,2017,82,pop
tory lanez,2016,73,pop
coldplay,2015,76,rock
kungs,2016,0,pop
saygrace,2016,69,pop
x ambassadors,2015,75,rock
dnce,2016,79,pop
99 souls,2016,55,electronic
illy,2016,51,pop
kiiara,2015,55,rock
kygo,2016,0,pop
fifth harmony,2016,75,pop
drake,2016,63,pop
zayn,2016,59,pop
alessia cara,2016,66,pop
dj snake,2016,0,pop
sigala,2015,46,pop
drake,2015,72,pop
charlie puth,2016,62,pop
nick jonas,2016,69,pop
jonas blue,2016,0,pop
major lazer,2016,0,pop
the chainsmokers,2015,73,pop
tory lanez,2016,0,pop
p!nk,2016,68,pop
bryson tiller,2015,78,pop
steve aoki,2016,63,pop
clean bandit,2016,60,pop
jonas blue,2015,1,pop
flume,2016,0,electronic
bastille,2016,65,rock
sia,2016,68,pop
partynextdoor,2016,62,pop
garrett nash,2016,77,pop
hilltop hoods,2016,63,pop
fifth harmony,2016,62,pop
daya,2016,1,rock
kent jones,2016,63,hip-hop
flume,2016,53,electronic
bryson tiller,2015,76,pop
mø,2016,66,pop
beyoncé,2016,67,pop
little mix,2017,1,pop
the lumineers,2016,0,pop
frank ocean,2016,79,pop
drake,2016,74,pop
ed sheeran,2017,84,pop
sean paul,2018,84,pop
luis fonsi,2017,0,pop
sam smith,2017,79,pop
clean bandit,2016,75,pop
camila cabello,2017,1,pop
imagine dragons,2017,1,rock
maroon 5,2018,68,pop
the chainsmokers,2017,83,pop
ed sheeran,2017,85,pop
mgmt,2018,81,rock
travis scott,2016,83,hip-hop
billie eilish,2017,84,pop
future,2017,79,pop
g-eazy,2017,0,pop
maroon 5,2017,0,pop
rae sremmurd,2016,75,pop
lil peep,2017,77,hip-hop
a$ap ferg,2017,74,pop
french montana,2017,82,pop
21 savage,2017,74,hip-hop
axwell /\ ingrosso,2017,0,pop
zayn,2017,77,pop
j balvin,2017,53,latin
jax jones,2016,1,pop
rae sremmurd,2016,75,pop
zara larsson,2017,67,pop
travis scott,2017,0,hip-hop
ayo & teo,2017,69,pop
lil uzi vert,2017,81,hip-hop
imagine dragons,2017,80,rock
rob $tone,2016,76,hip-hop
jason derulo,2017,75,pop
g-eazy,2017,0,pop
playboi carti,2017,77,hip-hop
chord overstreet,2017,80,pop
jax jones,2017,58,pop
imagine dragons,2017,1,rock
natti natasha,2017,74,pop
kendrick lamar,2017,0,hip-hop
selena gomez,2017,69,pop
charlie puth,2017,0,pop
big shaq,2017,62,pop
anne-marie,2017,57,pop
rag'n'bone man,2017,76,soul
blackbear,2017,4,pop
lil pump,2017,64,hip-hop
taylor swift,2017,76,pop
enrique iglesias,2017,70,pop
kodak black,2017,51,hip-hop
kendrick lamar,2017,0,hip-hop
a boogie wit da hoodie,2017,0,hip-hop
xxxtentacion,2017,83,hip-hop
migos,2017,72,pop
yo gotti,2017,67,pop
martin garrix,2017,77,pop
jonas blue,2017,51,pop
martin jensen,2016,0,pop
taylor swift,2017,73,pop
david guetta,2017,67,pop
migos,2017,68,pop
shawn mendes,2017,0,pop
g-eazy,2017,63,pop
the vamps,2017,73,pop
dua lipa,2017,61,pop
cardi b,2017,59,pop
rag'n'bone man,2017,67,soul
zara larsson,2017,57,pop
dj khaled,2017,72,pop
post malone,2016,81,hip-hop
avicii,2017,77,pop
clean bandit,2017,0,pop
katy perry,2017,69,pop
pop,Pop,Pop,pop
calvin harris,2017,79,pop
migos,2017,64,pop
onerepublic,2017,64,pop
maggie lindemann,2017,61,rock
macklemore,2017,74,pop
hayden james,2019,47,pop
liam payne,2017,1,pop
drake,2017,0,pop
justin bieber,2017,0,pop
zayn,2016,0,pop
alessia cara,2016,76,pop
2 chainz,2017,71,pop
starley,2016,48,pop
ajr,2017,0,rock
lana del rey,2017,0,pop
cnco,2017,0,pop
the vamps,2017,61,pop
the weeknd,2016,78,pop
the chainsmokers,2017,73,pop
big sean,2017,71,pop
shawn mendes,2017,0,pop
avicii,2017,53,pop
cheat codes,2017,68,pop
bruno mars,2016,78,pop
lorde,2017,8,pop
kygo,2017,75,pop
drake,2018,81,pop
post malone,2018,83,hip-hop
offset,2017,80,pop
g-eazy,2017,75,pop
dynoro,2018,78,pop
juice wrld,2018,84,hip-hop
zedd,2018,80,pop
marshmello,2018,78,pop
cardi b,2018,79,pop
xxxtentacion,2018,82,hip-hop
ariana grande,2018,77,pop
sheck wes,2018,77,hip-hop
calvin harris,2018,81,pop
tyga,2018,73,pop
travis scott,2018,81,hip-hop
imagine dragons,2018,80,rock
dj snake,2018,76,pop
marshmello,2018,71,pop
the weeknd,2018,69,pop
billie eilish,2018,86,pop
migos,2018,75,pop
clean bandit,2018,71,pop
drake,2018,77,pop
6ix9ine,2018,42,hip-hop
the weeknd,2018,80,pop
nio garcia,2018,76,latin
migos,2018,72,pop
nicky jam,2019,74,latin
xxxtentacion,2018,82,hip-hop
becky g,2018,69,pop
machine gun kelly,2017,71,pop
6ix9ine,2018,63,hip-hop
jax jones,2017,58,pop
the chainsmokers,2018,69,pop
jay rock,2018,71,pop
rich the kid,2018,72,pop
kendrick lamar,2018,80,hip-hop
logic,2018,69,pop
jason derulo,2017,64,pop
ariana grande,2018,78,pop
rae sremmurd,2018,66,pop
pop,Pop,Pop,pop
dennis lloyd,2017,74,pop
girl in red,2018,82,rock
selena gomez,2017,78,pop
tiësto,2018,72,pop
tom walker,2017,70,rock
sofía reyes,2018,65,pop
marshmello,2017,80,pop
5 seconds of summer,2018,69,pop
loud luxury,2017,0,pop
liam payne,2018,62,pop
nf,2017,79,pop
xxxtentacion,2018,79,hip-hop
maluma,2018,69,latin
cardi b,2018,72,pop
lil baby,2018,79,hip-hop
jonas blue,2018,70,pop
david guetta,2018,59,pop
ozuna,2018,72,latin
charlie puth,2018,72,pop
post malone,2018,80,hip-hop
blocboy jb,2018,73,pop
eminem,2017,72,hip-hop
marshmello,2018,82,pop
dean lewis,2018,79,pop
charlie puth,2018,67,pop
migos,2018,72,pop
yg,2018,68,pop
drake,2018,75,pop
b young,2018,60,hip-hop
charlie puth,2018,64,pop
reik,2018,1,pop
benny blanco,2018,75,pop
luis fonsi,2017,62,pop
mk,2017,65,pop
rita ora,2017,63,pop
banx & ranx,2018,56,electronic
ella mai,2018,72,pop
daddy yankee,2018,71,latin
dj khaled,2018,67,pop
anne-marie,2018,80,pop
bruno mars,2017,74,pop
finneas,2018,71,rock
hugh jackman,2017,72,easy listening
halsey,2017,72,pop
drake,2018,68,pop
camila cabello,2018,74,pop
m.o,2018,54,pop
dua lipa,2017,78,pop
cashmere cat,2018,56,rock
bazzi,2018,75,pop
lil dicky,2018,70,pop
lauv,2018,81,pop
the chainsmokers,2018,73,pop
maroon 5,2018,73,pop
khalid,2018,73,pop
drake,2018,77,pop
kendrick lamar,2017,80,hip-hop
post malone,2018,77,hip-hop
lil nas x,2019,79,pop
billie eilish,2019,83,pop
shawn mendes,2019,78,pop
ariana grande,2019,83,pop
post malone,2019,79,hip-hop
gesaffelstein,2019,84,electronic
halsey,2018,77,pop
regard,2019,81,pop
lady gaga,2018,82,pop
mark ronson,2018,79,pop
lewis capaldi,2019,84,pop
jax jones,2019,60,pop
mustard,2019,75,pop
nle choppa,2019,0,hip-hop
kodak black,2018,77,hip-hop
daddy yankee,2019,79,latin
alec benjamin,2018,82,rock
blackpink,2019,1,pop
offset,2019,68,pop
meduza,2019,75,pop
ed sheeran,2019,63,pop
travis scott,2018,81,hip-hop
mabel,2019,0,pop
lana del rey,2019,80,pop
dj snake,2019,70,pop
a boogie wit da hoodie,2018,73,hip-hop
saweetie,2019,71,pop
lil tecca,2019,78,hip-hop
russ millions,2019,69,pop
billie eilish,2018,86,pop
mabel,2019,77,pop
lil nas x,2019,76,pop
meek mill,2018,78,pop
post malone,2019,79,hip-hop
doja cat,2019,57,pop
a boogie wit da hoodie,2018,75,hip-hop
iann dior,2019,72,pop
paulo londra,2019,72,hip-hop
drake,2019,76,pop
lil nas x,2019,71,pop
bad bunny,2018,77,latin
polo g,2019,78,hip-hop
juice wrld,2019,53,hip-hop
21 savage,2018,78,hip-hop
young thug,2019,69,pop
anuel aa,2019,76,latin
camila cabello,2019,65,pop
flipp dinero,2019,69,pop
cardi b,2018,73,pop
ariana grande,2019,76,pop
dave,2019,78,hip-hop
ava max,2018,7,pop
dua lipa,2019,79,pop
young t & bugsey,2019,61,hip-hop
calvin harris,2019,73,pop
ed sheeran,2019,66,pop
cardi b,2019,73,pop
stormzy,2019,64,hip-hop
tones and i,2019,78,pop
ariana grande,2019,77,pop
bad bunny,2019,81,latin
ava max,2019,4,pop
pedro capó,2018,74,pop
j. cole,2019,80,hip-hop
lunay,2019,70,pop
khalid,2018,70,pop
blueface,2018,1,hip-hop
dababy,2019,72,hip-hop
aj tracey,2019,69,hip-hop
billie eilish,2019,75,pop
bts,2019,35,pop
wiley,2019,64,hip-hop
jonas brothers,2019,71,pop
5 seconds of summer,2019,1,pop
avicii,2019,71,pop
"tyler, the creator",2019,80,hip-hop
pop,Pop,Pop,pop
dominic fike,2018,78,rock
sigala,2019,64,pop
megan thee stallion,2019,69,pop
anuel aa,2019,75,latin
sam feldt,2019,69,pop
kehlani,2019,74,pop
sech,2019,71,latin
post malone,2018,80,hip-hop
ed sheeran,2019,64,pop
lauv,2019,2,pop
iann dior,2019,69,pop
panic! at the disco,2018,80,rock
marshmello,2019,73,pop
sam smith,2019,73,pop
nsg,2020,57,hip-hop
normani,2019,71,pop
joel corry,2019,63,pop
post malone,2019,1,hip-hop
jonas brothers,2019,79,pop
taylor swift,2019,78,pop
blanco brown,2019,69,hip-hop
sam smith,2019,75,pop
post malone,2019,85,hip-hop
