artist_name,genre,year,popularity
norah jones,Adult Standards,2004,71
deep purple,Rock,2000,39
gorillaz,Hip-Hop,2001,69
foo fighters,Metal,2007,76
bruce springsteen,Rock,2002,59
city to city,Rock,2004,45
maroon 5,Pop,2002,74
muse,Rock,2006,69
the killers,Rock,2004,77
eminem,Hip-Hop,2002,82
elvis presley,Adult Standards,2002,49
the white stripes,Rock,2003,74
de dijk,Rock,2000,34
ten years after,Rock,2005,26
arctic monkeys,Rock,2007,66
paul de leeuw,Dutch Cabaret,2006,48
coldplay,Rock,2005,69
alanis morissette,Rock,2005,57
john miles,Pop,2004,46
justin timberlake,Pop,2002,74
coldplay,Rock,2005,81
mumford & sons,Rock,2009,67
jan smit,Pop,2006,55
the killers,Rock,2004,69
bløf,Pop,2002,16
ilse delange,Dutch Americana,2008,50
editors,Alternative Dance,2007,56
eminem,Hip-Hop,2002,71
herbert grönemeyer,Pop,2008,48
youssou n'dour,Pop,2004,59
coldplay,Rock,2002,84
robert plant,Rock,2007,57
adele,Soul,2008,63
norah jones,Adult Standards,2002,74
amy winehouse,Soul,2006,72
sandy coast,Pop,2009,44
the goo goo dolls,Rock,2007,75
u2,Rock,2006,40
foo fighters,Metal,2002,72
guus meeuwis,Pop,2005,42
santa esmeralda,Funk,2003,59
tiësto,Electronic,2009,53
franz ferdinand,Rock,2004,74
green day,Rock,2004,78
linkin park,Metal,2003,65
robbie williams,Pop,2002,56
lou reed,Rock,2008,43
snow patrol,Rock,2004,65
barry white,Adult Standards,2009,67
saybia,Rock,2005,51
pearl jam,Rock,2009,69
bløf,Pop,2000,52
james blunt,Neo Mellow,2005,69
metallica,Metal,2008,52
christina aguilera,Pop,2006,67
elbow,Rock,2009,43
u2,Rock,2004,57
beyoncé,Pop,2006,44
backstreet boys,Pop,2001,77
golden earring,Rock,2008,38
rowwen hèze,Carnaval Limburg,2005,32
johnny cash,Country,2000,47
doe maar,Dutch Cabaret,2008,48
manu chao,Rock,2001,70
3 doors down,Metal,2000,77
seal,Soul,2004,63
p!nk,Pop,2001,56
status quo,Rock,2002,59
saybia,Rock,2004,55
stereophonics,Rock,2003,64
adele,Soul,2008,73
queens of the stone age,Metal,2002,65
peter sarstedt,Folk,2008,58
the dubliners,Celtic,2008,46
mumford & sons,Rock,2009,67
michael jackson,Pop,2003,55
jacques brel,Chanson,2004,58
volbeat,Metal,2007,57
marco borsato,Dutch Cabaret,2006,30
elbow,Rock,2009,45
spinvis,Rock,2002,45
twarres,Pop,2001,48
enya,Celtic,2000,70
blue,Pop,2004,58
the offspring,Metal,2005,72
bløf,Pop,2006,42
anouk,Rock,2007,42
claw boys claw,Rock,2007,43
david bowie,Rock,2002,43
foo fighters,Metal,2002,65
boudewijn de groot,Rock,2007,19
the proclaimers,Rock,2003,74
marco borsato,Dutch Cabaret,2006,49
bløf,Pop,2002,41
rowwen hèze,Carnaval Limburg,2008,32
green day,Rock,2009,75
mark ronson,Pop,2007,62
gé reinders,Carnaval Limburg,2005,38
marco borsato,Dutch Cabaret,2002,30
manic street preachers,Rock,2002,39
linkin park,Metal,2000,83
herbert grönemeyer,Pop,2008,44
anouk,Rock,2004,56
bruce springsteen,Rock,2003,40
veldhuis & kemper,Dutch Cabaret,2003,58
alicia keys,Pop,2009,75
jay-z,Hip-Hop,2004,75
armand,Rock,2009,47
kid rock,Metal,2007,72
jeff wayne,Pop,2007,41
john mayer,Neo Mellow,2006,74
keane,Rock,2004,54
the fray,Rock,2005,80
andre hazes,Pop,2002,59
eminem,Hip-Hop,2005,77
santana,Rock,2007,59
muse,Rock,2001,51
daft punk,Electronic,2001,71
kings of leon,Rock,2008,76
the temper trap,Alternative Dance,2009,64
beyoncé,Pop,2008,70
john farnham,Pop,2008,62
ios,Pop,2009,39
the bangles,Rock,2004,70
the temptations,Adult Standards,2001,44
beyoncé,Pop,2003,75
foo fighters,Metal,2005,75
john mayer,Neo Mellow,2003,68
bram vermeulen,Rock,2006,42
editors,Alternative Dance,2009,56
enigma,Electronic,2001,58
maarten van roozendaal,Rock,2001,36
amy winehouse,Soul,2006,67
marco borsato,Dutch Cabaret,2002,52
tenacious d,Metal,2001,59
amy winehouse,Soul,2006,74
coldplay,Rock,2005,63
pat benatar,Rock,2001,54
michael bublé,Adult Standards,2005,64
rammstein,Metal,2001,60
the black eyed peas,Pop,2009,69
the cult,Rock,2000,63
normaal,Rock,2008,42
ub40,Reggae,2000,74
elvis presley,Adult Standards,2002,64
racoon,Rock,2005,43
neil young,Rock,2004,44
de poema's,Pop,2003,54
the beatles,British Invasion,2000,75
santana,Rock,2007,62
snow patrol,Rock,2006,49
nightwish,Metal,2004,38
rufus wainwright,Pop,2007,38
doe maar,Dutch Cabaret,2008,44
fish,Rock,2008,44
coldplay,Rock,2002,64
john mayer,Neo Mellow,2009,66
mark knopfler,Rock,2005,39
counting crows,Rock,2004,59
the weather girls,Funk,2008,58
anouk,Rock,2004,52
billy joel,Rock,2001,46
mike oldfield,Rock,2009,64
ramses shaffy,Dutch Cabaret,2006,41
muse,Rock,2009,76
evanescence,Metal,2003,74
racoon,Rock,2005,41
michael bublé,Adult Standards,2007,73
plain white t's,Neo Mellow,2005,80
marco borsato,Dutch Cabaret,2002,50
yann tiersen,Pop,2001,56
krezip,Rock,2009,56
the script,Rock,2008,64
john mayer,Neo Mellow,2008,75
beyoncé,Pop,2008,78
de jeugd van tegenwoordig,Hip-Hop,2008,46
bløf,Pop,2000,40
within temptation,Metal,2003,47
golden earring,Rock,2008,50
neil young,Rock,2004,49
alain clark,Pop,2007,35
bill medley,Rock,2004,70
damien rice,Pop,2003,56
u2,Rock,2009,44
jamiroquai,Jazz,2006,69
doe maar,Dutch Cabaret,2008,49
queens of the stone age,Metal,2002,58
golden earrings,Rock,2008,26
muse,Rock,2001,53
gossip,Alternative Dance,2009,59
doe maar,Dutch Cabaret,2008,39
blondie,Pop,2006,52
eminem,Hip-Hop,2000,80
u2,Rock,2000,52
johan,Rock,2001,36
michel sardou,Chanson,2004,59
daniël lohues,Rock,2008,39
muse,Rock,2006,73
stereophonics,Rock,2005,68
sarah brightman,Pop,2006,59
coldplay,Rock,2002,63
delerium,Electronic,2004,58
acda en de munnik,Dutch Cabaret,2000,51
muse,Rock,2006,73
nick & simon,Pop,2007,59
doe maar,Dutch Cabaret,2008,49
golden earring,Rock,2008,34
tom petty and the heartbreakers,Rock,2008,72
normaal,Rock,2008,52
eddie vedder,Rock,2007,67
dido,Pop,2003,54
tavares,Adult Standards,2004,49
green day,Rock,2004,77
red hot chili peppers,Rock,2002,80
chris rea,Rock,2007,80
rammstein,Metal,2001,51
doe maar,Dutch Cabaret,2008,41
the scene,Rock,2007,47
bee gees,Adult Standards,2001,47
eminem,Hip-Hop,2000,75
christina aguilera,Pop,2002,71
john mayer,Neo Mellow,2006,75
beth hart,Rock,2009,32
kayak,Rock,2009,32
foo fighters,Metal,2009,69
3 doors down,Metal,2002,75
mary j. blige,Pop,2005,61
de poema's,Pop,2003,45
gary jules,Neo Mellow,2002,70
doe maar,Dutch Cabaret,2008,53
michael bublé,Adult Standards,2005,64
10cc,Rock,2004,46
blur,Rock,2000,64
krezip,Rock,2000,55
billy joel,Rock,2001,70
owl city,Pop,2009,79
anouk,Rock,2004,51
wolfmother,Rock,2006,62
the black eyed peas,Pop,2003,66
coldplay,Rock,2000,82
amy macdonald,Scottish Singer-Songwriter,2007,41
chris isaak,Rock,2006,70
the script,Rock,2008,74
k's choice,Pop,2009,43
ilse delange,Dutch Americana,2008,54
amy macdonald,Scottish Singer-Songwriter,2007,30
michael jackson,Pop,2005,53
rowwen hèze,Carnaval Limburg,2003,33
kim wilde,Pop,2006,51
amy winehouse,Soul,2006,77
marco borsato,Dutch Cabaret,2008,57
focus,Rock,2001,53
herbert grönemeyer,Pop,2008,47
coldplay,Rock,2002,57
muse,Rock,2004,69
kane,Pop,2003,47
blondie,Pop,2006,42
adele,Soul,2008,59
paul mccartney,Rock,2003,60
ilse delange,Dutch Americana,2000,30
acda en de munnik,Dutch Cabaret,2002,43
coldplay,Rock,2002,70
linkin park,Metal,2003,81
john mayer,Neo Mellow,2006,76
jay-z,Hip-Hop,2009,77
train,Pop,2001,77
bløf,Pop,2003,46
sam cooke,Adult Standards,2000,71
womack & womack,Funk,2001,61
bruce springsteen,Rock,2002,53
red hot chili peppers,Rock,2006,80
anouk,Rock,2007,46
john legend,Neo Mellow,2005,69
the scene,Rock,2007,50
spandau ballet,Rock,2000,66
lionel richie,Adult Standards,2003,64
phil collins,Rock,2002,62
u2,Rock,2004,60
editors,Alternative Dance,2005,61
outkast,Hip-Hop,2003,79
eurythmics,Pop,2005,40
alderliefste met ramses shaffy en liesbeth list,Pop,2005,43
de jeugd van tegenwoordig,Hip-Hop,2008,55
robbie williams,Pop,2002,72
the rolling stones,Rock,2004,34
madonna,Pop,2009,66
chi coltrane,Rock,2009,40
system of a down,Metal,2001,80
kyteman,Rock,2009,47
michael jackson,Pop,2005,64
snow patrol,Rock,2006,42
alanis morissette,Rock,2005,62
arctic monkeys,Rock,2006,58
johnny cash,Country,2002,75
madonna,Pop,2009,66
beyoncé,Pop,2008,68
mud,Pop,2005,40
alderliefste,Pop,2008,38
darude,Electronic,2007,61
robert cray,Blues,2002,52
neet oét lottum,Carnaval Limburg,2004,39
madonna,Pop,2009,71
status quo,Rock,2005,47
chris isaak,Rock,2006,42
p!nk,Pop,2009,43
toontje lager,Rock,2008,53
the killers,Rock,2008,73
the beatles,British Invasion,2000,63
joni mitchell,Folk,2000,65
faithless,Electronic,2005,57
coldplay,Rock,2008,78
mgmt,Alternative Dance,2007,76
keane,Rock,2004,43
the beatles,British Invasion,2000,63
muse,Rock,2004,57
stevie wonder,Adult Standards,2002,77
u2,Rock,2004,65
red hot chili peppers,Rock,2002,74
the beatles,British Invasion,2006,63
rowwen hèze,Carnaval Limburg,2005,35
guus meeuwis,Pop,2006,54
stealers wheel,Rock,2009,72
acda en de munnik,Dutch Cabaret,2005,57
coldplay,Rock,2008,61
florence + the machine,Pop,2009,69
u2,Rock,2000,63
peter schilling,Pop,2005,48
editors,Alternative Dance,2007,53
coldplay,Rock,2008,53
mark knopfler,Rock,2000,43
new order,Rock,2005,73
limp bizkit,Metal,2003,72
amy winehouse,Soul,2006,74
snowy white,Rock,2003,52
jason mraz,Pop,2008,82
abel,Rock,2000,59
sammy davis jr.,Adult Standards,2002,56
natasha bedingfield,Pop,2004,76
muse,Rock,2009,63
keane,Rock,2004,41
gorki,Rock,2002,52
alanis morissette,Rock,2005,52
live,Metal,2001,49
within temptation,Metal,2004,56
snow patrol,Rock,2006,78
red hot chili peppers,Rock,2006,76
massive attack,Electronic,2006,53
katie melua,Pop,2005,61
james blunt,Neo Mellow,2005,76
bon jovi,Metal,2000,77
coldplay,Rock,2002,62
bløf,Pop,2002,40
de kast,Pop,2004,38
kings of leon,Rock,2008,79
lisa lois,Pop,2009,49
keane,Rock,2004,67
simply red,Soul,2004,55
nickelback,Metal,2001,78
ronan keating,Pop,2000,74
eddie vedder,Rock,2007,66
simple minds,Rock,2008,43
gorillaz,Hip-Hop,2005,80
bløf,Pop,2007,36
anouk,Rock,2004,40
robbie williams,Pop,2001,58
guus meeuwis,Pop,2007,50
arctic monkeys,Rock,2006,57
madonna,Pop,2009,55
editors,Alternative Dance,2007,43
lady gaga,Pop,2008,69
coldplay,Rock,2008,47
johnny cash,Country,2000,47
kaiser chiefs,Rock,2007,62
lange frans,Hip-Hop,2005,49
lady gaga,Pop,2009,79
u2,Rock,2000,49
coldplay,Rock,2000,71
rowwen hèze,Carnaval Limburg,2005,33
ram jam,Rock,2005,61
novastar,Rock,2000,48
herman brood & his wild romance,Rock,2001,41
muse,Rock,2009,65
rowwen hèze,Carnaval Limburg,2005,34
van dik hout,Dutch Cabaret,2009,34
guus meeuwis,Pop,2002,61
within temptation,Metal,2003,45
daft punk,Electronic,2001,75
elvis presley,Adult Standards,2002,65
spandau ballet,Rock,2008,72
queens of the stone age,Metal,2007,59
evanescence,Metal,2003,78
coldplay,Rock,2002,76
white lies,Alternative Dance,2009,54
muse,Rock,2001,46
nick & simon,Pop,2007,48
damien rice,Pop,2006,57
bruce springsteen,Rock,2009,48
ike & tina turner,Pop,2008,56
band aid,Electronic,2004,84
2pac,Funk,2007,72
claudia de breij,Dutch Cabaret,2010,53
de jeugd van tegenwoordig,Hip-Hop,2010,48
joy division,Rock,2010,64
de dijk,Rock,2010,43
anita meyer,Pop,2010,54
charly lownoise,Happy Hardcore,2010,37
guus meeuwis,Pop,2010,57
racoon,Rock,2010,27
triggerfinger,Rock,2010,42
racoon,Rock,2010,26
racoon,Rock,2010,36
"emerson, lake & palmer",Rock,2010,14
stromae,Pop,2010,61
jeff wayne,Pop,2010,28
caro emerald,Pop,2010,40
p!nk,Pop,2010,76
matthias reim,Pop,2010,38
coldplay,Rock,2010,84
cock robin,Rock,2010,48
golden earring,Rock,2010,37
di-rect,Rock,2010,47
guus meeuwis,Pop,2010,49
bruno mars,Pop,2010,80
lady antebellum,Country,2010,53
rihanna,Pop,2010,59
kings of leon,Rock,2010,66
roy orbison,Adult Standards,2010,44
joy division,Rock,2010,51
bruno mars,Pop,2010,75
party animals,Electronic,2010,47
kings of leon,Rock,2010,58
agnes obel,Pop,2010,48
solomon burke,Pop,2010,38
adele,Soul,2011,79
adele,Soul,2011,75
dj paul elstak,Electronic,2011,60
avicii,Electronic,2011,58
gotye,Pop,2011,76
coldplay,Rock,2011,78
marco borsato,Dutch Cabaret,2011,53
johnny cash,Country,2011,18
scorpions,Rock,2011,72
the black keys,Rock,2011,65
foo fighters,Metal,2011,69
ed sheeran,Pop,2011,76
spinvis,Rock,2011,47
daniël lohues,Rock,2011,42
elbow,Rock,2011,29
david guetta,Pop,2011,67
within temptation,Metal,2011,53
the black keys,Rock,2011,73
adele,Soul,2011,66
dj paul,Electronic,2011,51
de dijk,Rock,2011,30
sniff 'n' the tears,Pop,2011,54
lange frans,Hip-Hop,2011,52
coldplay,Rock,2011,68
marco borsato,Dutch Cabaret,2011,40
jacques brel,Chanson,2011,33
adele,Soul,2011,65
ben howard,British Singer-Songwriter,2011,66
foster the people,Pop,2011,84
jonathan jeremiah,Rock,2011,49
ed sheeran,Pop,2011,73
the black keys,Rock,2011,69
jay-z,Hip-Hop,2011,77
beyoncé,Pop,2011,75
road band,Pop,2011,33
beyoncé,Pop,2011,76
ed sheeran,Pop,2011,71
birdy,Neo Mellow,2011,75
joe bonamassa,Rock,2011,44
kane,Pop,2011,39
foo fighters,Metal,2011,64
inxs,Rock,2011,42
maggie macneal,Pop,2011,39
ray charles,Adult Standards,2011,49
coldplay,Rock,2011,67
golden earring,Rock,2011,27
adele,Soul,2012,74
bløf,Pop,2012,54
counting crows,Rock,2012,56
imagine dragons,Rock,2012,73
lana del rey,Pop,2012,55
imagine dragons,Rock,2012,73
elvis costello,Rock,2012,64
p!nk,Pop,2012,81
p!nk,Pop,2012,73
mumford & sons,Rock,2012,69
kensington,Pop,2012,44
mike oldfield,Rock,2012,31
tori amos,Pop,2012,19
andre hazes,Pop,2012,42
bløf,Pop,2012,51
muse,Rock,2012,70
keane,Rock,2012,51
macklemore & ryan lewis,Pop,2012,83
mumford & sons,Rock,2012,57
johnny cash,Country,2012,27
imagine dragons,Rock,2012,66
youp van 't hek,Dutch Cabaret,2012,52
michael kiwanuka,Soul,2012,51
the script,Rock,2012,51
the script,Rock,2012,70
drs. p,Rock,2012,34
bruno mars,Pop,2012,82
jason mraz,Pop,2012,72
the opposites,Hip-Hop,2012,57
whitney houston,Pop,2012,54
bløf,Pop,2012,41
mumford & sons,Rock,2012,57
mumford & sons,Rock,2012,58
xavier rudd,Folk,2012,67
bløf,Pop,2012,48
emeli sandé,Pop,2012,46
rihanna,Pop,2012,66
rihanna,Pop,2012,67
imagine dragons,Rock,2012,66
of monsters and men,Pop,2012,75
loreen,Pop,2012,56
racoon,Rock,2013,63
volbeat,Metal,2013,57
avicii,Electronic,2013,85
stromae,Pop,2013,49
arctic monkeys,Rock,2013,82
tom odell,Rock,2013,58
avicii,Electronic,2013,78
ed sheeran,Pop,2013,64
armin van buuren,Electronic,2013,65
john legend,Neo Mellow,2013,86
de dijk,Rock,2013,40
de staat,Rock,2013,47
the boxer rebellion,Pop,2013,35
passenger,Pop,2013,76
stromae,Pop,2013,55
london grammar,Pop,2013,49
derek & the dominos,Rock,2013,32
bastille,Pop,2013,70
mr. probz,Hip-Hop,2013,59
daft punk,Electronic,2013,77
kodaline,Pop,2013,72
avicii,Electronic,2013,69
martin garrix,Electronic,2013,65
snow patrol,Rock,2013,48
3js,Pop,2013,36
paul kalkbrenner,Electronic,2013,67
eminem,Hip-Hop,2013,75
justin timberlake,Pop,2013,77
one direction,Pop,2013,80
lorde,Pop,2013,79
stromae,Pop,2013,53
de dijk,Rock,2013,33
herman brood & his wild romance,Rock,2013,28
queens of the stone age,Metal,2013,66
backstreet boys,Pop,2013,62
editors,Alternative Dance,2013,26
jewel,Alaska Indie,2013,41
tom odell,Rock,2013,49
bastille,Pop,2013,48
robin thicke,Pop,2013,76
robbie williams,Pop,2013,30
paolo nutini,Soul,2014,49
coldplay,Rock,2014,78
adele,Soul,2014,61
kensington,Pop,2014,57
ed sheeran,Pop,2014,84
hozier,Irish Singer-Songwriter,2014,77
michel fugain,Chanson,2014,40
chef'special,Rock,2014,60
underworld,Alternative Dance,2014,65
kensington,Pop,2014,59
daniël lohues,Rock,2014,27
pharrell williams,Pop,2014,80
the common linnets,Dutch Americana,2014,52
kensington,Pop,2014,52
the war on drugs,Pop,2014,60
coldplay,Rock,2014,73
ed sheeran,Pop,2014,84
kensington,Pop,2014,47
first aid kit,Stomp And Holler,2014,64
typhoon,Hip-Hop,2014,47
dotan,Pop,2014,42
the war on drugs,Pop,2014,65
gigi d'agostino,Electronic,2014,70
the who,Rock,2014,39
typhoon,Hip-Hop,2014,43
bush,Metal,2014,65
jeroen van koningsbrugge,Pop,2014,43
the beatles,British Invasion,2014,58
2pac,Funk,2014,41
the script,Rock,2014,75
sam smith,Pop,2014,84
taylor swift,Pop,2014,66
fink,Pop,2014,63
the script,Rock,2014,59
onerepublic,Pop,2014,74
cyndi lauper,Pop,2014,72
nielson,Pop,2014,49
kensington,Pop,2014,49
michael jackson,Pop,2014,70
walk the moon,Pop,2014,82
mr. probz,Hip-Hop,2014,61
blaudzun,Rock,2014,43
james bay,Neo Mellow,2014,74
disturbed,Metal,2015,75
wim sonneveld,Dutch Cabaret,2015,15
muse,Rock,2015,69
nightwish,Metal,2015,58
maaike ouboter,Pop,2015,29
armin van buuren,Electronic,2015,53
andre hazes,Pop,2015,26
sia,Australian Dance,2015,71
mark ronson,Pop,2015,82
anouk,Rock,2015,33
anouk,Rock,2015,20
tame impala,Rock,2015,76
coldplay,Rock,2015,69
tame impala,Rock,2015,85
u2,Rock,2015,45
twenty one pilots,Rock,2015,83
anouk,Rock,2015,21
air,Electronic,2015,41
coldplay,Rock,2015,78
coldplay,Rock,2015,74
anouk,Rock,2015,13
van morrison,Rock,2015,42
anouk,Rock,2015,16
frank sinatra,Adult Standards,2015,68
douwe bob,Dutch Americana,2015,26
george ezra,Pop,2015,68
racoon,Rock,2015,32
muse,Rock,2015,60
chris stapleton,Country,2015,78
jean-michel jarre,Laboratorio,2015,57
coldplay,Rock,2015,68
faithless,Electronic,2015,54
eric clapton,Rock,2015,46
brainbox,Rock,2015,35
gregory porter,Jazz,2015,63
cliff richard & the drifters,Rock,2015,33
editors,Alternative Dance,2015,58
dua lipa,Pop,2015,73
coldplay,Rock,2015,70
florence + the machine,Pop,2015,54
justin bieber,Pop,2015,83
john lennon,Rock,2015,47
kensington,Pop,2016,63
michael kiwanuka,Soul,2016,67
freddie mercury,Rock,2016,40
andré hazes jr.,Pop,2016,62
adele,Soul,2016,73
phil collins,Rock,2016,74
diggy dex,Hip-Hop,2016,60
adele,Soul,2016,73
kensington,Pop,2016,53
justin timberlake,Pop,2016,75
status quo,Rock,2016,36
david bowie,Rock,2016,61
adele,Soul,2016,62
red hot chili peppers,Rock,2016,74
leonard cohen,Folk,2016,63
kensington,Pop,2016,49
ennio morricone,Classic Soundtrack,2016,54
marco borsato,Dutch Cabaret,2016,59
elvis presley,Adult Standards,2016,44
michael kiwanuka,Soul,2016,66
simple minds,Rock,2016,44
the trammps,Funk,2016,54
simple minds,Rock,2016,41
bruno mars,Pop,2016,78
david bowie,Rock,2016,55
adele,Soul,2016,67
adele,Soul,2016,70
q'65,Rock,2016,27
paul mccartney,Rock,2016,24
twenty one pilots,Rock,2016,81
douwe bob,Dutch Americana,2016,40
kaleo,Rock,2016,76
lukas graham,Pop,2016,80
ryuichi sakamoto,Electronic,2016,28
gavin james,Neo Mellow,2016,34
bløf,Pop,2017,41
jason paige,Pop,2017,41
ed sheeran,Pop,2017,87
michael jackson,Pop,2017,69
green day,Rock,2017,74
p!nk,Pop,2017,76
ed sheeran,Pop,2017,87
imagine dragons,Rock,2017,88
rag'n'bone man,Soul,2017,78
ede staal,Streektaal,2017,28
ed sheeran,Pop,2017,79
harry styles,Pop,2017,80
john mayer,Neo Mellow,2017,66
lex uiting,Carnaval Limburg,2017,41
status quo,Rock,2017,32
imagine dragons,Rock,2017,82
chef'special,Rock,2017,33
bökkers,Rock,2017,41
arcade fire,Alternative Dance,2017,66
nothing but thieves,Rock,2017,62
linkin park,Metal,2017,75
spandau ballet,Rock,2017,60
george michael,Rock,2017,69
nothing but thieves,Rock,2017,63
the chainsmokers,Pop,2017,84
imagine dragons,Rock,2017,86
the war on drugs,Pop,2017,59
ed sheeran,Pop,2017,83
ed sheeran,Pop,2017,80
armin van buuren,Electronic,2017,54
ed sheeran,Pop,2017,78
green day,Rock,2017,67
paolo conte,Pop,2017,25
the sugarhill gang,Hip-Hop,2017,48
the war on drugs,Pop,2017,62
neil diamond,Adult Standards,2017,40
the moody blues,Rock,2017,50
elbow,Rock,2017,31
chef'special,Rock,2017,36
dua lipa,Pop,2017,71
p!nk,Pop,2017,68
bastille,Pop,2017,64
tom walker,Folk,2017,75
rag'n'bone man,Soul,2017,69
lp,Pop,2017,78
lady gaga,Pop,2018,88
andre hazes,Pop,2018,30
davina michelle,Pop,2018,68
queen,Rock,2018,59
"earth, wind & fire",Funk,2018,82
frans halsema,Rock,2018,30
boudewijn de groot,Rock,2018,28
helene fischer,Pop,2018,38
andre hazes,Pop,2018,30
boudewijn de groot,Rock,2018,29
suzan & freek,Pop,2018,65
andre hazes,Pop,2018,27
andre hazes,Pop,2018,30
imagine dragons,Rock,2018,84
nielson,Pop,2018,65
boudewijn de groot,Rock,2018,23
boudewijn de groot,Rock,2018,32
imagine dragons,Rock,2018,83
ramses shaffy,Dutch Cabaret,2018,23
panic! at the disco,Pop,2018,87
boudewijn de groot,Rock,2018,23
george ezra,Pop,2018,82
john mayer,Neo Mellow,2018,81
lauren daigle,Rock,2018,80
andre hazes,Pop,2018,32
lewis capaldi,Pop,2018,85
rob de nijs,Pop,2018,16
rob de nijs,Pop,2018,15
frans halsema,Rock,2018,17
alan walker,Electronic,2018,80
martin garrix,Electronic,2018,78
andre hazes,Pop,2018,30
andre hazes,Pop,2018,31
lady gaga,Pop,2018,81
boudewijn de groot,Rock,2018,20
beth hart,Rock,2018,44
diggy dex,Hip-Hop,2018,52
5 seconds of summer,Pop,2018,84
boudewijn de groot,Rock,2018,17
waylon,Dutch Americana,2018,39
boudewijn de groot,Rock,2018,19
spider murphy gang,Pop,2018,26
the teskey brothers,Australian Americana,2018,50
douwe bob,Dutch Americana,2018,52
andre hazes,Pop,2018,33
mumford & sons,Rock,2018,60
camila cabello,Pop,2018,85
bløf,Pop,2018,12
calvin harris,Pop,2018,86
mark ronson,Pop,2018,79
ilse delange,Dutch Americana,2018,21
shawn mendes,Pop,2018,82
danny vera,Dutch Americana,2019,70
duncan laurence,Pop,2019,73
procol harum,Rock,2019,67
simple minds,Rock,2019,73
jackson browne,Rock,2019,37
jackson browne,Rock,2019,36
wham!,Rock,2019,85
white lies,Alternative Dance,2019,50
billie eilish,Pop,2019,95
maroon 5,Pop,2019,98
killing joke,Metal,2019,37
snelle,Hip-Hop,2019,71
nirvana,Rock,2019,50
rammstein,Metal,2019,72
floor jansen,Pop,2019,56
tones and i,Pop,2019,100
suzan & freek,Pop,2019,68
procol harum,Rock,2019,32
kensington,Pop,2019,65
luis fonsi,Latin,2019,80
calum scott,Pop,2019,28
deep purple,Rock,1970,45
the beatles,British Invasion,1970,79
simon & garfunkel,Rock,1970,71
black sabbath,Rock,1970,68
creedence clearwater revival,Rock,1970,71
elton john,Rock,1970,77
simon & garfunkel,Rock,1970,72
peter maffay,Pop,1970,53
johnny cash,Country,1970,71
santana,Rock,1970,63
led zeppelin,Rock,1970,77
creedence clearwater revival,Rock,1970,66
"crosby, stills, nash & young",Rock,1970,68
"crosby, stills, nash & young",Rock,1970,63
the beatles,British Invasion,1970,64
yusuf / cat stevens,Folk,1970,74
"crosby, stills, nash & young",Rock,1970,62
simon & garfunkel,Rock,1970,62
the moody blues,Rock,1970,50
creedence clearwater revival,Rock,1970,47
led zeppelin,Rock,1970,63
the beatles,British Invasion,1970,65
david bowie,Rock,1970,63
creedence clearwater revival,Rock,1970,60
the doors,Rock,1970,73
george harrison,Rock,1970,76
earth & fire,Pop,1970,29
simon & garfunkel,Rock,1970,73
james taylor,Adult Standards,1970,73
creedence clearwater revival,Rock,1970,67
chicago,Adult Standards,1970,64
john lennon,Rock,1970,57
"emerson, lake & palmer",Rock,1970,60
van morrison,Rock,1970,72
"crosby, stills, nash & young",Rock,1970,58
carpenters,Adult Standards,1970,60
curtis mayfield,Soul,1970,67
the beach boys,Pop,1970,38
creedence clearwater revival,Rock,1970,69
neil young,Rock,1970,53
led zeppelin,Rock,1971,79
john lennon,Rock,1971,78
the doors,Rock,1971,74
pink floyd,Rock,1971,58
don mclean,Adult Standards,1971,69
janis joplin,Rock,1971,71
the who,Rock,1971,77
david bowie,Rock,1971,71
neil diamond,Adult Standards,1971,60
bill withers,Soul,1971,76
the rolling stones,Rock,1971,72
the doors,Rock,1971,67
marvin gaye,Soul,1971,69
alice cooper,Rock,1971,44
don mclean,Adult Standards,1971,74
elton john,Rock,1971,79
yusuf / cat stevens,Folk,1971,68
the cats,Pop,1971,54
pink floyd,Rock,1971,55
gilbert o'sullivan,Adult Standards,1971,35
the rolling stones,Rock,1971,71
carole king,Adult Standards,1971,68
jethro tull,Rock,1971,60
golden earring,Rock,1971,37
david bowie,Rock,1971,66
janis joplin,Rock,1971,58
the rolling stones,Rock,1971,67
james taylor,Adult Standards,1971,68
janis joplin,Rock,1971,66
earth & fire,Pop,1971,24
yes,Rock,1971,66
rod stewart,Adult Standards,1971,72
the who,Rock,1971,65
j.j. cale,Blues,1971,62
the buoys,Rock,1971,39
the doors,Rock,1971,67
led zeppelin,Rock,1971,67
led zeppelin,Rock,1971,73
j.j. cale,Blues,1971,58
leonard cohen,Folk,1971,63
the who,Rock,1971,71
yes,Rock,1971,43
pink floyd,Rock,1971,50
deep purple,Rock,1972,64
lou reed,Rock,1972,69
elton john,Rock,1972,82
neil young,Rock,1972,71
david bowie,Rock,1972,74
eagles,Rock,1972,75
america,Rock,1972,77
jim croce,Adult Standards,1972,58
the kinks,Rock,1972,29
uriah heep,Rock,1972,56
michael jackson,Pop,1972,53
lou reed,Rock,1972,75
the rolling stones,Rock,1972,55
carly simon,Adult Standards,1972,75
david bowie,Rock,1972,64
thin lizzy,Rock,1972,63
the doobie brothers,Rock,1972,75
carpenters,Adult Standards,1972,65
alice cooper,Rock,1972,66
johnny cash,Country,1972,54
neil young,Rock,1972,51
dr. hook,Pop,1972,58
yes,Rock,1972,47
america,Rock,1972,69
eagles,Rock,1972,56
neil diamond,Adult Standards,1972,54
focus,Rock,1972,47
eagles,Rock,1972,65
steely dan,Rock,1972,69
golden earring,Rock,1973,57
the rolling stones,Rock,1973,72
eagles,Rock,1973,66
aerosmith,Rock,1973,78
pink floyd,Rock,1973,70
lynyrd skynyrd,Rock,1973,71
pink floyd,Rock,1973,73
elvis presley,Adult Standards,1973,61
pink floyd,Rock,1973,66
zz top,Rock,1973,74
john denver,Adult Standards,1973,64
pink floyd,Rock,1973,65
genesis,Rock,1973,41
paul mccartney,Rock,1973,71
steve harley & cockney rebel,Pop,1973,46
eagles,Rock,1973,62
bob dylan,Rock,1973,74
elvis presley,Adult Standards,1973,68
elton john,Rock,1973,68
gladys knight & the pips,Pop,1973,67
elton john,Rock,1973,65
steve miller band,Rock,1973,75
the doobie brothers,Rock,1973,71
jim croce,Adult Standards,1973,53
david bowie,Rock,1973,64
slade,Rock,1973,76
deep purple,Rock,1973,37
the beatles,British Invasion,1973,68
marvin gaye,Soul,1973,69
supertramp,Rock,1974,63
dolly parton,Pop,1974,74
queen,Rock,1974,67
lynyrd skynyrd,Rock,1974,82
abba,Pop,1974,58
john denver,Adult Standards,1974,69
supertramp,Rock,1974,59
joe cocker,Rock,1974,57
elvis presley,Adult Standards,1974,42
david bowie,Rock,1974,74
supertramp,Rock,1974,43
kraftwerk,Rock,1974,48
dolly parton,Pop,1974,61
john denver,Adult Standards,1974,64
the hollies,Adult Standards,1974,66
roger glover,Rock,1974,48
supertramp,Rock,1974,43
reinhard mey,Pop,1974,46
sweet,Rock,1974,55
bachman-turner overdrive,Rock,1974,69
barry manilow,Adult Standards,1974,69
electric light orchestra,Rock,1974,51
barbra streisand,Adult Standards,1974,59
queen,Rock,1975,77
queen,Rock,1975,62
pink floyd,Rock,1975,66
bruce springsteen,Rock,1975,73
led zeppelin,Rock,1975,69
bob marley & the wailers,Reggae,1975,70
eagles,Rock,1975,69
abba,Pop,1975,63
fleetwood mac,Rock,1975,77
bruce springsteen,Rock,1975,66
10cc,Rock,1975,70
fleetwood mac,Rock,1975,68
eagles,Rock,1975,65
queen,Rock,1975,61
bruce springsteen,Rock,1975,51
nazareth,Rock,1975,58
status quo,Rock,1975,53
rod stewart,Adult Standards,1975,68
queen,Rock,1975,52
john denver,Adult Standards,1975,54
paul simon,Rock,1975,69
little river band,Rock,1975,49
heart,Rock,1975,65
ramses shaffy,Dutch Cabaret,1975,37
steve harley,Pop,1975,63
lucifer,Electronic,1975,37
abba,Pop,1975,49
bee gees,Adult Standards,1975,53
janis ian,Pop,1975,48
eagles,Rock,1975,63
david bowie,Rock,1975,60
james brown,Funk,1975,27
peter frampton,Rock,1975,66
bruce springsteen,Rock,1975,43
roxy music,Rock,1975,60
paul simon,Rock,1975,61
eagles,Rock,1976,82
queen,Rock,1976,70
abba,Pop,1976,72
eagles,Rock,1976,52
bob dylan,Rock,1976,69
boston,Rock,1976,78
blue öyster cult,Rock,1976,75
eagles,Rock,1976,64
chicago,Adult Standards,1976,74
david bowie,Rock,1976,53
queen,Rock,1976,50
abba,Pop,1976,56
abba,Pop,1976,52
the rolling stones,Rock,1976,55
kansas,Rock,1976,75
billy joel,Rock,1976,61
david bowie,Rock,1976,60
stevie wonder,Adult Standards,1976,67
stevie wonder,Adult Standards,1976,64
tom waits,Folk,1976,52
thin lizzy,Rock,1976,74
electric light orchestra,Rock,1976,70
stevie wonder,Adult Standards,1976,72
ramones,Rock,1976,71
steve miller band,Rock,1976,68
manfred mann's earth band,Rock,1976,61
j.j. cale,Blues,1976,59
sweet,Rock,1976,54
abba,Pop,1976,44
eagles,Rock,1976,54
diana ross,Adult Standards,1976,49
david bowie,Rock,1977,75
meat loaf,Rock,1977,67
fleetwood mac,Rock,1977,73
electric light orchestra,Rock,1977,80
supertramp,Rock,1977,56
ac/dc,Rock,1977,65
queen,Rock,1977,70
fleetwood mac,Rock,1977,78
bob marley & the wailers,Reggae,1977,78
queen,Rock,1977,66
billy joel,Rock,1977,72
the mark & clark band,Rock,1977,32
kansas,Rock,1977,77
meat loaf,Rock,1977,60
peter gabriel,Rock,1977,60
abba,Pop,1977,48
eric clapton,Rock,1977,73
iggy pop,Rock,1977,68
santana,Rock,1977,52
bee gees,Adult Standards,1977,60
talking heads,Rock,1977,73
"earth, wind & fire",Funk,1977,48
fleetwood mac,Rock,1977,56
ac/dc,Rock,1977,62
fleetwood mac,Rock,1977,67
donna summer,Pop,1977,46
iggy pop,Rock,1977,72
rob de nijs,Pop,1977,49
abba,Pop,1977,63
supertramp,Rock,1977,74
david bowie,Rock,1977,62
queen,Rock,1977,50
meat loaf,Rock,1977,57
meat loaf,Rock,1977,60
eric clapton,Rock,1977,68
heart,Rock,1977,74
bob marley & the wailers,Reggae,1977,74
foreigner,Rock,1977,68
abba,Pop,1977,46
muddy waters,Blues,1977,63
cheap trick,Rock,1977,70
billy joel,Rock,1977,60
sex pistols,Rock,1977,51
grace jones,Rock,1977,58
mink deville,Rock,1977,47
chic,Funk,1977,69
bill withers,Soul,1977,72
the babys,Rock,1977,49
billy joel,Rock,1977,68
sex pistols,Rock,1977,54
fleetwood mac,Rock,1977,58
dire straits,Rock,1978,66
queen,Rock,1978,76
ramses shaffy,Dutch Cabaret,1978,50
kate bush,Pop,1978,68
herman brood & his wild romance,Rock,1978,48
the police,Rock,1978,78
toto,Rock,1978,75
kate bush,Pop,1978,53
bruce springsteen,Rock,1978,58
gerry rafferty,Rock,1978,69
10cc,Rock,1978,67
queen,Rock,1978,51
van halen,Rock,1978,70
queen,Rock,1978,55
genesis,Rock,1978,51
the police,Rock,1978,66
alice cooper,Rock,1978,49
the rolling stones,Rock,1978,67
bob marley & the wailers,Reggae,1978,40
bob marley & the wailers,Reggae,1978,76
patti smith,Pop,1978,66
the doobie brothers,Rock,1978,69
herman brood & his wild romance,Rock,1978,38
boney m.,Funk,1978,65
boston,Rock,1978,55
the rolling stones,Rock,1978,74
billy joel,Rock,1978,59
patrick hernandez,Funk,1978,66
the pointer sisters,Pop,1978,56
neil diamond,Adult Standards,1978,56
dire straits,Rock,1978,41
pink floyd,Rock,1979,75
ac/dc,Rock,1979,83
pink floyd,Rock,1979,77
bette midler,Adult Standards,1979,67
supertramp,Rock,1979,72
kiss,Rock,1979,78
abba,Pop,1979,64
the police,Rock,1979,74
pink floyd,Rock,1979,68
madness,Rock,1979,42
abba,Pop,1979,56
abba,Pop,1979,45
bee gees,Adult Standards,1979,77
art garfunkel,Adult Standards,1979,57
supertramp,Rock,1979,64
supertramp,Rock,1979,70
abba,Pop,1979,49
"earth, wind & fire",Funk,1979,73
the cure,Rock,1979,63
abba,Pop,1979,53
neil diamond,Adult Standards,1979,59
donna summer,Pop,1979,52
michael jackson,Pop,1979,74
the clash,Rock,1979,73
madness,Rock,1979,34
supertramp,Rock,1979,66
the police,Rock,1979,64
electric light orchestra,Rock,1979,70
bee gees,Adult Standards,1979,64
michael jackson,Pop,1979,62
fischer-z,Rock,1979,44
kiss,Rock,1979,52
dan hartman,Funk,1979,52
golden earring,Rock,1979,44
bee gees,Adult Standards,1979,70
michael jackson,Pop,1979,73
earth & fire,Pop,1979,49
frank zappa,Rock,1979,40
ellen foley,Pop,1979,40
diesel,Electronic,1979,39
bruce springsteen,Rock,1980,66
the cure,Rock,1980,53
abba,Pop,1980,59
motörhead,Rock,1980,74
queen,Rock,1980,74
ac/dc,Rock,1980,83
dire straits,Rock,1980,54
bob marley & the wailers,Reggae,1980,71
ac/dc,Rock,1980,78
queen,Rock,1980,66
abba,Pop,1980,48
golden earring,Rock,1980,39
the blues brothers,Blues,1980,56
talking heads,Rock,1980,69
the alan parsons project,Rock,1980,32
fischer-z,Rock,1980,49
dire straits,Rock,1980,43
abba,Pop,1980,50
david bowie,Rock,1980,62
rob de nijs,Pop,1980,31
bob marley & the wailers,Reggae,1980,77
dolly parton,Pop,1980,76
the blues brothers,Blues,1980,63
abba,Pop,1980,60
queen,Rock,1980,51
reo speedwagon,Rock,1980,71
barbra streisand,Adult Standards,1980,68
rush,Rock,1980,63
madness,Rock,1980,33
bruce springsteen,Rock,1980,69
barbra streisand,Adult Standards,1980,67
peter gabriel,Rock,1980,36
ub40,Reggae,1980,50
paul simon,Rock,1980,58
orchestral manoeuvres in the dark,Rock,1980,65
stevie wonder,Adult Standards,1980,61
the police,Rock,1980,67
pink floyd,Rock,1981,47
phil collins,Rock,1981,77
journey,Rock,1981,80
abba,Pop,1981,51
the stranglers,Rock,1981,67
the police,Rock,1981,73
the rolling stones,Rock,1981,76
abba,Pop,1981,59
the rolling stones,Rock,1981,58
soft cell,Rock,1981,53
barbra streisand,Adult Standards,1981,56
the babys,Rock,1981,35
the human league,Rock,1981,74
jon & vangelis,Rock,1981,43
drukwerk,Rock,1981,46
toto,Rock,1982,84
dire straits,Rock,1982,41
queen,Rock,1982,72
the alan parsons project,Rock,1982,58
dire straits,Rock,1982,38
michael jackson,Pop,1982,81
iron maiden,Rock,1982,60
golden earring,Rock,1982,47
the alan parsons project,Rock,1982,67
toto,Rock,1982,70
joe jackson,Rock,1982,35
de dijk,Rock,1982,24
het goede doel,Pop,1982,52
prince,Funk,1982,68
dolly parton,Pop,1982,65
joe jackson,Rock,1982,31
dexys midnight runners,Pop,1982,68
bap,Pop,1982,47
donna summer,Pop,1982,42
phil collins,Rock,1982,76
vandenberg,Rock,1982,43
willie nelson,Pop,1982,63
marvin gaye,Soul,1982,71
het goede doel,Pop,1982,46
michael jackson,Pop,1982,65
duran duran,Rock,1982,62
the clash,Rock,1982,79
michael jackson,Pop,1982,71
michael jackson,Pop,1982,64
supertramp,Rock,1982,60
joe jackson,Rock,1982,48
joe jackson,Rock,1982,22
u2,Rock,1983,72
the police,Rock,1983,84
genesis,Rock,1983,45
nena,Pop,1983,73
eurythmics,Pop,1983,81
elton john,Rock,1983,79
david bowie,Rock,1983,71
david bowie,Rock,1983,57
yes,Rock,1983,70
simple minds,Rock,1983,54
madness,Rock,1983,58
depeche mode,Rock,1983,45
split enz,Rock,1983,33
lionel richie,Adult Standards,1983,59
stevie ray vaughan,Rock,1983,65
billy joel,Rock,1983,77
marvin gaye,Soul,1983,71
nits,Rock,1983,40
the the,Rock,1983,48
genesis,Rock,1983,43
clannad,Celtic,1983,38
nena,Pop,1983,56
u2,Rock,1983,39
eurythmics,Pop,1983,62
cyndi lauper,Pop,1983,76
wham!,Rock,1983,66
barbra streisand,Adult Standards,1983,46
culture club,Pop,1983,72
bob marley & the wailers,Reggae,1983,73
bette midler,Adult Standards,1983,53
prince,Funk,1984,75
golden earring,Rock,1984,53
leonard cohen,Folk,1984,67
bryan adams,Rock,1984,81
queen,Rock,1984,66
u2,Rock,1984,46
u2,Rock,1984,41
bruce springsteen,Rock,1984,74
u2,Rock,1984,59
metallica,Metal,1984,62
bruce springsteen,Rock,1984,77
alphaville,Rock,1984,74
prince,Funk,1984,70
foreigner,Rock,1984,77
bruce springsteen,Rock,1984,75
ultravox,Rock,1984,53
bruce springsteen,Rock,1984,58
talking heads,Rock,1984,54
frankie goes to hollywood,Rock,1984,72
don henley,Rock,1984,76
tina turner,Funk,1984,59
philip bailey,Rock,1984,64
joe jackson,Rock,1984,52
the blue nile,Rock,1984,55
bruce springsteen,Rock,1984,67
talk talk,Rock,1984,69
bryan adams,Rock,1984,76
bronski beat,Rock,1984,71
prince,Funk,1984,60
queen,Rock,1984,72
prince,Funk,1984,62
wham!,Rock,1984,79
lee towers,Pop,1984,44
bryan adams,Rock,1984,65
john denver,Adult Standards,1984,59
the alan parsons project,Rock,1984,57
japan,Pop,1984,41
alphaville,Rock,1984,66
frankie goes to hollywood,Rock,1984,61
frankie goes to hollywood,Rock,1984,54
ultravox,Rock,1984,59
foreigner,Rock,1984,54
the smiths,Rock,1984,70
bruce springsteen,Rock,1984,52
dire straits,Rock,1985,52
falco,Pop,1985,58
dire straits,Rock,1985,62
frank boeijen groep,Dutch Cabaret,1985,53
dire straits,Rock,1985,61
a-ha,Rock,1985,83
de dijk,Rock,1985,26
simple minds,Rock,1985,64
simply red,Soul,1985,68
kate bush,Pop,1985,67
kate bush,Pop,1985,60
de dijk,Rock,1985,26
elton john,Rock,1985,68
tears for fears,Rock,1985,80
survivor,Rock,1985,76
sting,Rock,1985,50
david bowie,Rock,1985,57
prince,Funk,1985,69
dire straits,Rock,1985,46
talking heads,Rock,1985,55
dire straits,Rock,1985,44
the cure,Rock,1985,60
dire straits,Rock,1985,50
mr. mister,Rock,1985,60
tears for fears,Rock,1985,71
chris rea,Rock,1985,57
whitney houston,Pop,1985,66
the cure,Rock,1985,54
ub40,Reggae,1985,65
sting,Rock,1985,51
u.s.a. for africa,Electronic,1985,70
gary moore,Rock,1985,52
a-ha,Rock,1985,37
phil collins,Rock,1985,56
metallica,Metal,1986,67
slayer,Metal,1986,57
bon jovi,Metal,1986,83
paul simon,Rock,1986,65
peter gabriel,Rock,1986,45
prince,Funk,1986,53
queen,Rock,1986,54
europe,Rock,1986,75
frank boeijen groep,Dutch Cabaret,1986,47
elvis costello & the attractions,Rock,1986,51
paul simon,Rock,1986,75
crowded house,Pop,1986,72
genesis,Rock,1986,56
talk talk,Rock,1986,59
the smiths,Rock,1986,73
bon jovi,Metal,1986,80
chris de burgh,Pop,1986,74
queen,Rock,1986,49
paul simon,Rock,1986,63
david bowie,Rock,1986,46
queen,Rock,1986,50
prince,Funk,1986,74
clannad,Celtic,1986,32
bon jovi,Metal,1986,73
cyndi lauper,Pop,1986,69
the smiths,Rock,1986,67
herman van veen,Pop,1986,42
joe cocker,Rock,1986,58
talk talk,Rock,1986,53
bruce springsteen,Rock,1986,41
peter gabriel,Rock,1986,57
the communards,Rock,1986,64
bruce hornsby,Rock,1986,66
run–d.m.c.,Hip-Hop,1986,68
toto,Rock,1986,68
van halen,Rock,1986,65
peter gabriel,Rock,1986,54
beastie boys,Rock,1986,68
paul simon,Rock,1986,49
madonna,Pop,1986,56
pet shop boys,Pop,1986,68
genesis,Rock,1986,60
klein orkest,Rock,1987,55
guns n' roses,Metal,1987,73
u2,Rock,1987,80
u2,Rock,1987,66
u2,Rock,1987,76
guns n' roses,Metal,1987,71
sting,Rock,1987,62
sting,Rock,1987,71
sinéad o'connor,Folk,1987,51
guns n' roses,Metal,1987,72
bruce springsteen,Rock,1987,62
michael jackson,Pop,1987,76
guns n' roses,Metal,1987,66
fleetwood mac,Rock,1987,78
u2,Rock,1987,42
heart,Rock,1987,73
prince,Funk,1987,54
nits,Rock,1987,44
inxs,Rock,1987,60
whitesnake,Rock,1987,65
herman van veen,Pop,1987,41
joe cocker,Rock,1987,62
édith piaf,Chanson,1987,64
rick astley,Pop,1987,66
u2,Rock,1987,55
whitney houston,Pop,1987,81
john hiatt,Country,1987,51
herman van veen,Pop,1987,43
michael jackson,Pop,1987,72
r.e.m.,Rock,1987,63
michael jackson,Pop,1987,68
the shadows,Adult Standards,1987,53
prince,Funk,1987,42
suzanne vega,Folk,1987,45
fleetwood mac,Rock,1987,63
level 42,Rock,1987,62
bruce springsteen,Rock,1987,57
pet shop boys,Pop,1987,66
u2,Rock,1987,55
black,Rock,1987,64
r.e.m.,Rock,1987,67
whitesnake,Rock,1987,58
klein orkest,Rock,1987,40
bee gees,Adult Standards,1987,63
michael jackson,Pop,1987,59
frank boeijen groep,Dutch Cabaret,1987,37
metallica,Metal,1988,67
tracy chapman,Folk,1988,77
fleetwood mac,Rock,1988,59
fleetwood mac,Rock,1988,56
toto,Rock,1988,63
iron maiden,Rock,1988,42
tina turner,Funk,1988,44
fleetwood mac,Rock,1988,54
orchestral manoeuvres in the dark,Rock,1988,34
melissa etheridge,Folk,1988,57
fleetwood mac,Rock,1988,59
frank boeijen groep,Dutch Cabaret,1988,46
u2,Rock,1988,63
leonard cohen,Folk,1988,40
eros ramazzotti,Pop,1988,38
u2,Rock,1988,50
marianne rosenberg,Pop,1988,45
toto,Rock,1988,53
enya,Celtic,1988,57
roxette,Pop,1988,76
the pogues,Rock,1988,83
mike & the mechanics,Rock,1988,55
toto,Rock,1988,45
tracy chapman,Folk,1988,72
fleetwood mac,Rock,1988,49
u2,Rock,1988,59
traveling wilburys,Rock,1988,63
labi siffre,Pop,1988,50
crowded house,Pop,1988,49
tanita tikaram,Pop,1988,46
the rolling stones,Rock,1989,56
phil collins,Rock,1989,74
de dijk,Rock,1989,41
neil young,Rock,1989,65
alice cooper,Rock,1989,70
queen,Rock,1989,55
de dijk,Rock,1989,52
billy joel,Rock,1989,49
van morrison,Rock,1989,68
the cure,Rock,1989,53
tina turner,Funk,1989,64
queen,Rock,1989,48
fleetwood mac,Rock,1989,49
clouseau,Rock,1989,39
depeche mode,Rock,1989,61
ub40,Reggae,1989,49
tears for fears,Rock,1989,66
de dijk,Rock,1989,47
phil collins,Rock,1989,61
simply red,Soul,1989,72
tom petty,Rock,1989,76
lenny kravitz,Rock,1989,51
faith no more,Metal,1989,68
alannah myles,Rock,1989,71
billy joel,Rock,1989,73
tears for fears,Rock,1989,62
don henley,Rock,1989,55
phil collins,Rock,1989,57
the cure,Rock,1989,60
pixies,Rock,1989,61
queen,Rock,1989,33
queen,Rock,1989,47
cher,Pop,1989,72
the b-52's,Rock,1989,69
ac/dc,Rock,1990,81
stef bos,Christelijk,1990,57
depeche mode,Rock,1990,65
gary moore,Rock,1990,65
scorpions,Rock,1990,77
sinéad o'connor,Folk,1990,71
queensrÿche,Rock,1990,61
talk talk,Rock,1990,57
temple of the dog,Metal,1990,59
iggy pop,Rock,1990,60
scorpions,Rock,1990,69
elton john,Rock,1990,69
bee gees,Adult Standards,1990,54
extreme,Rock,1990,67
roxette,Pop,1990,73
clouseau,Rock,1990,31
tröckener kecks,Rock,1990,38
living colour,Metal,1990,50
the black crowes,Rock,1990,68
pearl jam,Rock,1991,75
normaal,Rock,1991,51
guns n' roses,Metal,1991,80
metallica,Metal,1991,69
nirvana,Rock,1991,74
queen,Rock,1991,49
pearl jam,Rock,1991,75
metallica,Metal,1991,74
queen,Rock,1991,51
red hot chili peppers,Rock,1991,81
normaal,Rock,1991,49
queen,Rock,1991,58
r.e.m.,Rock,1991,81
nirvana,Rock,1991,72
pearl jam,Rock,1991,73
u2,Rock,1991,77
guns n' roses,Metal,1991,77
metallica,Metal,1991,65
queen,Rock,1991,49
nirvana,Rock,1991,68
mannenkoor karrespoor,Pop,1991,39
guns n' roses,Metal,1991,63
pearl jam,Rock,1991,75
queen,Rock,1991,55
metallica,Metal,1991,63
al stewart,Rock,1991,61
guns n' roses,Metal,1991,74
bryan adams,Rock,1991,64
ozzy osbourne,Rock,1991,66
ten sharp,Pop,1991,61
michael jackson,Pop,1991,68
rowwen hèze,Carnaval Limburg,1991,48
dire straits,Rock,1991,56
red hot chili peppers,Rock,1991,73
crowded house,Pop,1991,51
marc cohn,Folk,1991,69
tom petty and the heartbreakers,Rock,1991,71
guns n' roses,Metal,1991,68
nirvana,Rock,1991,64
crowded house,Pop,1991,69
r.e.m.,Rock,1991,70
simply red,Soul,1991,49
queen,Rock,1991,48
al stewart,Rock,1991,49
prince,Funk,1991,47
genesis,Rock,1991,54
genesis,Rock,1991,39
bonnie raitt,Rock,1991,66
paul young,Rock,1991,55
u2,Rock,1991,63
tina turner,Funk,1991,61
dire straits,Rock,1991,54
rage against the machine,Metal,1992,78
iron maiden,Rock,1992,55
bon jovi,Metal,1992,73
r.e.m.,Rock,1992,74
marillion,Rock,1992,58
eric clapton,Rock,1992,70
whitney houston,Pop,1992,77
r.e.m.,Rock,1992,62
vangelis,Rock,1992,61
alice in chains,Metal,1992,71
the cure,Rock,1992,67
zz top,Rock,1992,53
r.e.m.,Rock,1992,67
zz top,Rock,1992,44
4 non blondes,Pop,1992,78
marillion,Rock,1992,51
stone temple pilots,Metal,1992,61
barry ryan,Pop,1992,45
neil young,Rock,1992,71
r.e.m.,Rock,1992,62
the black crowes,Rock,1992,56
otis redding,Soul,1992,49
house of pain,Hip-Hop,1992,74
bruce springsteen,Rock,1992,58
paul de leeuw,Dutch Cabaret,1992,40
bon jovi,Metal,1992,59
the prodigy,Electronic,1992,48
r.e.m.,Rock,1992,58
whitney houston,Pop,1992,73
vitesse,Pop,1992,39
alice in chains,Metal,1992,68
annie lennox,Pop,1992,64
snap!,Soul,1992,57
bon jovi,Metal,1992,58
blind melon,Metal,1992,73
radiohead,Rock,1993,82
tina turner,Funk,1993,66
sting,Rock,1993,69
abba,Pop,1993,41
the cranberries,Rock,1993,75
het goede doel,Pop,1993,38
meat loaf,Rock,1993,59
sting,Rock,1993,72
gloria gaynor,Funk,1993,60
duran duran,Rock,1993,72
the smashing pumpkins,Metal,1993,62
counting crows,Rock,1993,76
nirvana,Rock,1993,74
pearl jam,Rock,1993,68
iron butterfly,Rock,1993,57
valensia,Rock,1993,39
wings,Rock,1993,56
eros ramazzotti,Pop,1993,48
lenny kravitz,Rock,1993,72
tina turner,Funk,1993,69
pearl jam,Rock,1993,58
laura pausini,Pop,1993,57
joe cocker,Rock,1993,54
nirvana,Rock,1993,64
counting crows,Rock,1993,61
the jackson 5,Adult Standards,1993,65
the fatal flowers,Rock,1993,42
nirvana,Rock,1993,67
the cranberries,Rock,1994,80
jeff buckley,Rock,1994,73
the amazing stroopwafels,Rock,1994,45
live,Metal,1994,64
soundgarden,Metal,1994,76
nirvana,Rock,1994,73
green day,Rock,1994,79
nirvana,Rock,1994,68
pink floyd,Rock,1994,59
seal,Soul,1994,72
bon jovi,Metal,1994,76
mariah carey,Pop,1994,95
live,Metal,1994,62
beastie boys,Rock,1994,71
sade,Soul,1994,66
portishead,Pop,1994,67
marco borsato,Dutch Cabaret,1994,56
the cranberries,Rock,1994,69
the prodigy,Electronic,1994,56
green day,Rock,1994,75
oasis,Rock,1994,55
crash test dummies,Rock,1994,57
hans de booij,Dutch Cabaret,1994,45
nirvana,Rock,1994,57
jeff buckley,Rock,1994,59
van dik hout,Dutch Cabaret,1995,58
oasis,Rock,1995,71
oasis,Rock,1995,63
bruce springsteen,Rock,1995,70
michael jackson,Pop,1995,63
radiohead,Rock,1995,62
michael jackson,Pop,1995,64
bløf,Pop,1995,47
michael jackson,Pop,1995,60
marco borsato,Dutch Cabaret,1995,52
andrea bocelli,Adult Standards,1995,64
elton john,Rock,1995,54
michael jackson,Pop,1995,69
oasis,Rock,1995,63
paul weller,Rock,1995,58
fools garden,Rock,1995,73
skunk anansie,Rock,1995,24
marco borsato,Dutch Cabaret,1995,60
coolio,Funk,1995,80
andrea bocelli,Adult Standards,1995,66
no doubt,Rock,1995,67
queen,Rock,1995,49
radiohead,Rock,1995,70
queen,Rock,1995,49
the smashing pumpkins,Metal,1995,74
roxy music,Rock,1995,46
queen,Rock,1995,45
elton john,Rock,1995,58
2pac,Funk,1995,72
therapy?,Metal,1995,44
michael jackson,Pop,1995,58
elvis presley,Adult Standards,1995,31
bruce springsteen,Rock,1995,61
the smashing pumpkins,Metal,1995,68
the smashing pumpkins,Metal,1995,71
queen,Rock,1995,29
prince,Funk,1995,46
radiohead,Rock,1995,72
simply red,Soul,1995,56
boudewijn de groot,Rock,1996,40
charles aznavour,Chanson,1996,60
faithless,Electronic,1996,55
george michael,Rock,1996,62
men at work,Rock,1996,74
van halen,Rock,1996,57
guus meeuwis,Pop,1996,58
nick cave & the bad seeds,Rock,1996,59
neil diamond,Adult Standards,1996,57
charles aznavour,Chanson,1996,53
marco borsato,Dutch Cabaret,1996,50
marco borsato,Dutch Cabaret,1996,55
spice girls,Pop,1996,80
skunk anansie,Rock,1996,32
fugees,Hip-Hop,1996,74
george michael,Rock,1996,53
robert miles,Electronic,1996,67
blackstreet,Pop,1996,76
patrick bruel,Chanson,1996,35
amanda marshall,Pop,1996,37
chaka khan,Pop,1996,70
counting crows,Rock,1996,63
eels,Rock,1996,54
guus meeuwis,Pop,1996,49
the verve,Rock,1997,78
frank boeijen,Dutch Cabaret,1997,48
rammstein,Metal,1997,67
john denver,Adult Standards,1997,77
radiohead,Rock,1997,74
foo fighters,Metal,1997,77
skik,Rock,1997,46
radiohead,Rock,1997,67
acda en de munnik,Dutch Cabaret,1997,49
nick cave & the bad seeds,Rock,1997,65
rammstein,Metal,1997,60
paul de leeuw,Dutch Cabaret,1997,54
buena vista social club,Jazz,1997,68
the prodigy,Electronic,1997,64
metallica,Metal,1997,55
the prodigy,Electronic,1997,65
gerry & the pacemakers,Adult Standards,1997,55
green day,Rock,1997,75
elton john,Rock,1997,53
radiohead,Rock,1997,71
acda en de munnik,Dutch Cabaret,1997,42
george baker selection,Pop,1997,44
midnight oil,Rock,1997,63
céline dion,Pop,1997,75
guus meeuwis,Pop,1997,50
the prodigy,Electronic,1997,66
metallica,Metal,1997,51
joe cocker,Rock,1997,35
barbra streisand,Adult Standards,1997,47
acda en de munnik,Dutch Cabaret,1997,42
the police,Rock,1997,45
eva cassidy,Adult Standards,1997,61
frank boeijen groep,Dutch Cabaret,1997,31
the verve,Rock,1997,64
daft punk,Electronic,1997,70
george michael,Rock,1998,57
anouk,Rock,1998,33
de dijk,Rock,1998,50
george michael,Rock,1998,76
metallica,Metal,1998,61
george michael,Rock,1998,66
the waterboys,Rock,1998,59
bløf,Pop,1998,51
liquido,Rock,1998,42
u2,Rock,1998,58
george michael,Rock,1998,43
henk westbroek,Rock,1998,49
hero,Pop,1998,47
aerosmith,Rock,1998,76
eva cassidy,Adult Standards,1998,62
george michael,Rock,1998,58
massive attack,Electronic,1998,69
george michael,Rock,1998,46
george michael,Rock,1998,51
acda en de munnik,Dutch Cabaret,1998,54
stef bos,Christelijk,1998,39
marco borsato,Dutch Cabaret,1998,50
korn,Metal,1998,73
de dijk,Rock,1998,35
les poppys,Rock,1998,50
ilse delange,Dutch Americana,1998,40
george michael,Rock,1998,51
george michael,Rock,1998,63
manic street preachers,Rock,1998,37
george michael,Rock,1998,45
herman van veen,Pop,1998,39
duran duran,Rock,1998,50
ilse delange,Dutch Americana,1998,40
george michael,Rock,1998,61
placebo,Rock,1998,60
robbie williams,Pop,1998,68
stef bos,Christelijk,1998,44
the offspring,Metal,1998,72
george michael,Rock,1998,53
fatboy slim,Electronic,1998,44
anouk,Rock,1998,11
herman van veen,Pop,1998,44
george michael,Rock,1998,56
mecano,Latin,1998,62
acda en de munnik,Dutch Cabaret,1998,37
robbie williams,Pop,1999,50
eric clapton,Rock,1999,61
red hot chili peppers,Rock,1999,81
bløf,Pop,1999,57
foo fighters,Metal,1999,74
bonnie tyler,Pop,1999,75
red hot chili peppers,Rock,1999,77
red hot chili peppers,Rock,1999,78
phil collins,Rock,1999,62
robbie williams,Pop,1999,44
red hot chili peppers,Rock,1999,62
genesis,Rock,1999,18
venice,Rock,1999,41
moby,Electronic,1999,54
muse,Rock,1999,61
beth hart,Rock,1999,41
live,Metal,1999,56
smash mouth,Rock,1999,80
moby,Electronic,1999,45
zucchero,Pop,1999,24
dr. dre,Funk,1999,70
karin bloemen,Dutch Cabaret,1999,38
blink-182,Rock,1999,79
live,Metal,1999,48
de kast,Pop,1999,44
santana,Rock,1999,70
eminem,Hip-Hop,1999,72
sting,Rock,1999,52
the chemical brothers,Alternative Dance,1999,65
etta james,Adult Standards,1960,74
elvis presley,Adult Standards,1961,78
frank sinatra,Adult Standards,1962,77
ben e. king,Adult Standards,1962,77
roy orbison,Adult Standards,1962,73
johnny cash,Country,1963,71
bob dylan,Rock,1963,69
roy orbison,Adult Standards,1963,57
the beatles,British Invasion,1963,74
elvis presley,Adult Standards,1963,59
the beatles,British Invasion,1963,71
bob dylan,Rock,1963,65
simon & garfunkel,Rock,1964,75
the animals,Rock,1964,69
johnny cash,Country,1964,58
bob dylan,Rock,1964,69
sam cooke,Adult Standards,1964,66
the beatles,British Invasion,1964,69
gilbert bécaud,Chanson,1964,53
the beatles,British Invasion,1964,66
the rolling stones,Rock,1964,46
the beatles,British Invasion,1965,78
the rolling stones,Rock,1965,77
bob dylan,Rock,1965,71
the beatles,British Invasion,1965,69
the beatles,British Invasion,1965,73
the righteous brothers,Adult Standards,1965,70
the beatles,British Invasion,1965,67
nina simone,Adult Standards,1965,74
the who,Rock,1965,71
the beatles,British Invasion,1965,74
the rolling stones,Rock,1965,53
frank sinatra,Adult Standards,1965,62
the rolling stones,Rock,1965,53
the rolling stones,Rock,1965,47
the byrds,Rock,1965,62
the rolling stones,Rock,1966,78
the beach boys,Pop,1966,72
the mamas & the papas,Adult Standards,1966,76
the beatles,British Invasion,1966,71
ike & tina turner,Pop,1966,57
frank sinatra,Adult Standards,1966,75
the rolling stones,Rock,1966,65
simon & garfunkel,Rock,1966,63
the beach boys,Pop,1966,61
simon & garfunkel,Rock,1966,65
the rolling stones,Rock,1966,64
bob dylan,Rock,1966,58
percy sledge,Soul,1966,66
the kinks,Rock,1966,67
tim hardin,Pop,1966,48
the mamas & the papas,Adult Standards,1966,62
the beatles,British Invasion,1966,63
james brown & the famous flames,Soul,1966,63
otis redding,Soul,1966,64
the beach boys,Pop,1966,72
the moody blues,Rock,1967,68
the doors,Rock,1967,61
the beatles,British Invasion,1967,67
van morrison,Rock,1967,79
aretha franklin,Adult Standards,1967,73
jefferson airplane,Rock,1967,69
the beatles,British Invasion,1967,45
leonard cohen,Folk,1967,66
jimi hendrix,Rock,1967,71
the beach boys,Pop,1967,71
the doors,Rock,1967,72
the beatles,British Invasion,1967,70
leonard cohen,Folk,1967,62
jimi hendrix,Rock,1967,69
the beatles,British Invasion,1967,58
the doors,Rock,1967,70
jimi hendrix,Rock,1967,63
the beatles,British Invasion,1967,65
the beatles,British Invasion,1967,69
jimi hendrix,Rock,1967,72
the rolling stones,Rock,1967,63
the beatles,British Invasion,1967,68
the hollies,Adult Standards,1967,50
the beatles,British Invasion,1967,65
cuby & the blizzards,Rock,1967,37
the beatles,British Invasion,1967,65
elvis presley,Adult Standards,1967,41
marvin gaye,Soul,1967,80
scott mckenzie,Pop,1967,53
the beatles,British Invasion,1967,63
the monkees,Pop,1967,73
the kinks,Rock,1967,66
cream,Rock,1967,74
the doors,Rock,1967,72
jefferson airplane,Rock,1967,69
tom jones,Adult Standards,1967,62
bee gees,Adult Standards,1967,66
liesbeth list,Rock,1968,45
otis redding,Soul,1968,73
the beatles,British Invasion,1968,74
creedence clearwater revival,Rock,1968,60
the beatles,British Invasion,1968,70
jimi hendrix,Rock,1968,77
cuby & the blizzards,Rock,1968,43
aretha franklin,Adult Standards,1968,75
aretha franklin,Adult Standards,1968,69
cream,Rock,1968,74
simon & garfunkel,Rock,1968,76
louis armstrong,Adult Standards,1968,68
the cats,Pop,1968,48
the band,Rock,1968,72
nina simone,Adult Standards,1968,48
jimi hendrix,Rock,1968,67
creedence clearwater revival,Rock,1968,56
steppenwolf,Rock,1968,67
bee gees,Adult Standards,1968,59
bee gees,Adult Standards,1968,57
the cats,Pop,1968,43
bee gees,Adult Standards,1968,66
richard harris,Pop,1968,36
etta james,Adult Standards,1968,67
the monkees,Pop,1968,69
the beatles,British Invasion,1968,66
neil diamond,Adult Standards,1968,59
the beatles,British Invasion,1969,82
david bowie,Rock,1969,73
the rolling stones,Rock,1969,76
elvis presley,Adult Standards,1969,72
led zeppelin,Rock,1969,76
neil diamond,Adult Standards,1969,78
creedence clearwater revival,Rock,1969,80
elvis presley,Adult Standards,1969,63
creedence clearwater revival,Rock,1969,77
the rolling stones,Rock,1969,67
joe cocker,Rock,1969,69
frank sinatra,Adult Standards,1969,73
the beatles,British Invasion,1969,79
the beatles,British Invasion,1969,72
fleetwood mac,Rock,1969,50
golden earring,Rock,1969,42
shocking blue,Rock,1969,59
dusty springfield,Adult Standards,1969,61
the who,Rock,1969,69
the cats,Pop,1969,46
creedence clearwater revival,Rock,1969,60
melanie,Pop,1969,44
fleetwood mac,Rock,1969,41
creedence clearwater revival,Rock,1969,59
the cats,Pop,1969,44
b.b. king,Blues,1969,60
led zeppelin,Rock,1969,63
the who,Rock,1969,43
ralph mctell,Folk,1969,57
creedence clearwater revival,Rock,1969,73
cuby & the blizzards,Rock,1969,34
roberta flack,Adult Standards,1969,64
the doors,Rock,1969,68
brainbox,Rock,1969,36
the rolling stones,Rock,1969,50
rare earth,Rock,1969,45
fleetwood mac,Rock,1969,48
"crosby, stills & nash",Rock,1969,67
elvis presley,Adult Standards,1956,62
elvis presley,Adult Standards,1958,73
nina simone,Adult Standards,1958,68
louis armstrong,Adult Standards,1958,66
elvis presley,Adult Standards,1958,63
elvis presley,Adult Standards,1958,69
chuck berry,Rock,1959,74
the dave brubeck quartet,Bebop,1959,65
fats domino,Adult Standards,1959,56
