popular_albuns_rank,artist_band,decade,musical_genre,total_awards_nominations,uk number 1's,million_sales
1,radiohead,90's,rock,18,0,0
3,pink floyd,70's,rock,4,1,250
4,my bloody valentine,90's,rock,0,0,0
5,kanye west,10's,pop,0,0,160
8,neutral milk hotel,90's,rock,0,0,0
10,kendrick lamar,10's,jazz,0,0,0
11,the velvet underground & nico,60's,rock,0,0,0
12,king crimson,60's,rock,0,0,0
13,the beatles,60's,rock,29,17,600
15,nirvana,90's,rock,6,0,75
18,david bowie,70's,rock,19,5,100
19,joy division,70's,rock,0,0,0
22,death grips,10's,hip-hop,0,0,0
23,madvillain,00's,hip-hop,0,0,0
24,arcade fire,00's,rock,0,0,0
26,talking heads,80's,rock,2,0,0
29,the beach boys,60's,pop,0,0,100
30,black sabbath,70's,rock,4,0,0
32,the smiths,80's,pop,0,0,0
33,godspeed you black emperor!,00's,rock,0,0,0
34,led zeppelin,70's,rock,3,0,300
35,"tyler, the creator",10's,soul_funk,0,0,0
36,pixies,80's,rock,0,0,0
40,slint,90's,rock,0,0,0
43,the strokes,00's,rock,0,0,0
45,nas,90's,hip-hop,0,0,0
46,frank ocean,10's,pop,0,0,0
49,the doors,60's,rock,0,0,100
50,metallica,80's,metal,18,0,125
51,kids see ghosts,10's,rock,0,0,0
53,miles davis,50's,jazz,0,0,0
54,nick drake,70's,folk,0,0,0
56,the cure,80's,rock,0,0,0
58,weezer,90's,rock,0,0,0
59,slowdive,90's,rock,0,0,0
63,aphex twin,90's,electronic,0,0,0
64,the clash,70's,rock,1,1,0
66,björk,90's,pop,0,0,0
68,sonic youth,80's,rock,0,0,0
69,wu-tang clan,90's,hip-hop,0,0,0
73,animal collective,00's,rock,0,0,0
76,sufjan stevens,00's,pop,0,0,0
77,dj shadow,90's,hip-hop,0,0,0
79,daft punk,00's,electronic,0,0,0
80,interpol,00's,rock,0,0,0
81,sigur rós,90's,rock,0,0,0
82,gorillaz,00's,pop,0,0,0
83,danny brown,10's,hip-hop,0,0,0
84,bob dylan,60's,rock,38,1,100
87,television,70's,rock,0,0,0
88,john coltrane,60's,jazz,0,0,0
91,the microphones,00's,rock,0,0,0
92,a tribe called quest,90's,jazz,0,0,0
94,the velvet underground,60's,rock,0,0,0
102,have a nice life,00's,rock,0,0,0
103,kate bush,80's,pop,0,0,0
104,cocteau twins,90's,pop,0,0,0
105,the jimi hendrix experience,60's,rock,0,0,0
106,nine inch nails,90's,rock,10,0,0
108,elliott smith,90's,folk,0,0,0
109,queens of the stone age,00's,rock,0,0,0
111,smashing pumpkins,90's,rock,0,0,0
112,boards of canada,90's,electronic,0,0,0
116,rage against the machine,90's,metal,0,0,0
117,fishmans,90's,rock,0,0,0
122,can,70's,rock,0,0,0
123,yes,70's,rock,0,0,0
126,tool,00's,metal,0,0,0
129,earl sweatshirt,10's,hip-hop,0,0,0
130,jeff buckley,90's,rock,0,0,0
131,burial,00's,electronic,0,0,0
132,wilco,00's,rock,0,0,0
136,mf doom,00's,hip-hop,0,0,0
137,fleetwood mac,70's,rock,0,0,120
138,american football,90's,rock,0,0,0
141,swans,10's,rock,0,0,0
142,arctic monkeys,00's,rock,0,0,0
143,mingus,60's,jazz,0,0,0
144,system of a down,00's,metal,0,0,0
147,tame impala,10's,rock,0,0,0
150,daughters,10's,rock,0,0,0
155,pearl jam,90's,rock,0,0,0
157,the flaming lips,00's,rock,0,0,0
159,jpegmafia,10's,hip-hop,0,0,0
162,j dilla,00's,hip-hop,0,0,0
166,the smashing pumpkins,90's,rock,0,0,0
167,pusha t,10's,hip-hop,0,0,0
168,depeche mode,90's,electronic,0,0,0
170,frank zappa,60's,rock,9,0,0
171,weyes blood,10's,pop,0,0,0
173,tom waits,80's,rock,0,0,0
174,marvin gaye,70's,soul_funk,12,1,0
176,slayer,80's,metal,0,0,0
180,car seat headrest,10's,rock,0,0,0
181,michael jackson,80's,pop,38,7,400
183,"black country, new road",10's,rock,0,0,0
184,talk talk,90's,rock,0,0,0
185,lcd soundsystem,00's,rock,0,0,0
186,beach house,10's,pop,0,0,0
189,the who,70's,rock,2,0,0
191,brockhampton,10's,pop,0,0,0
192,denzel curry,10's,hip-hop,0,0,0
193,eno,70's,rock,0,0,0
195,neil young,70's,rock,27,0,0
197,alice in chains,90's,rock,0,0,0
198,playboi carti,10's,hip-hop,0,0,0
200,megadeth,90's,metal,0,0,0
201,fiona apple,10's,pop,0,0,0
202,mgmt,10's,rock,0,0,0
203,love,60's,rock,0,0,0
204,jay-z & kanye west,10's,pop,0,0,0
205,belle and sebastian,90's,pop,0,0,0
206,flying lotus,10's,electronic,0,0,0
207,oasis,90's,rock,0,0,0
208,freddie gibbs & madlib,10's,hip-hop,0,0,0
212,pavement,90's,rock,0,0,0
214,the stooges,70's,rock,0,0,0
216,charli xcx,10's,electronic,0,0,0
218,lou reed,70's,rock,0,0,0
219,genius/gza,90's,hip-hop,0,0,0
220,sweet trip,00's,rock,0,0,0
221,modest mouse,90's,rock,0,0,0
222,iron maiden,80's,metal,0,0,0
225,the stone roses,80's,rock,0,0,0
226,bon iver,00's,folk,0,0,0
228,deafheaven,10's,metal,0,0,0
229,fleet foxes,00's,folk,0,0,0
230,leonard cohen,60's,folk,0,0,0
232,prince and the revolution,80's,rock,0,0,0
233,eminem,00's,hip-hop,44,9,220
234,the white stripes,00's,rock,0,0,0
237,new order,80's,rock,0,0,0
238,travis scott,10's,hip-hop,0,0,0
247,run the jewels,10's,hip-hop,0,0,0
248,black midi,10's,rock,0,0,0
249,burzum,90's,metal,0,0,0
250,portishead,00's,rock,0,0,0
251,sophie,10's,electronic,0,0,0
253,outkast,90's,hip-hop,0,0,0
254,joanna newsom,00's,folk,0,0,0
255,the rolling stones,70's,rock,14,8,200
258,guns n' roses,80's,rock,3,0,100
259,deftones,00's,metal,0,0,0
261,wire,70's,rock,0,0,0
266,spiritualized®,90's,rock,0,0,0
270,the mars volta,00's,rock,0,0,0
271,green day,00's,rock,0,0,75
272,coldplay,00's,rock,0,0,100
273,captain beefheart & his magic band,60's,rock,0,0,0
274,at the drive-in,00's,rock,0,0,0
275,sex pistols,70's,rock,0,0,0
278,r.e.m.,90's,rock,13,0,85
280,kraftwerk,70's,electronic,0,0,0
281,queen,70's,rock,4,6,300
283,red hot chili peppers,90's,rock,0,0,120
286,the weeknd,10's,soul_funk,0,0,75
287,ac/dc,80's,rock,7,0,200
289,the zombies,60's,pop,0,0,0
291,lana del rey,10's,pop,0,0,0
295,lorde,10's,pop,0,0,0
297,joni mitchell,70's,folk,16,0,0
298,dinosaur,80's,rock,0,0,0
301,the jesus and mary chain,80's,rock,0,0,0
303,iggy and the stooges,70's,rock,0,0,0
305,the notorious b.i.g.,90's,hip-hop,0,0,0
306,billie eilish,10's,pop,0,0,0
308,air,90's,pop,0,0,0
310,dead kennedys,80's,rock,0,0,0
312,genesis,70's,rock,0,0,100
314,opeth,00's,metal,0,0,0
316,brian eno,70's,electronic,0,0,0
317,rush,80's,rock,0,0,0
321,grimes,10's,electronic,0,0,0
322,muse,00's,rock,0,0,0
326,gang of four,70's,rock,0,0,0
327,beck,90's,rock,0,0,0
332,brand new,00's,rock,0,0,0
333,beastie boys,80's,hip-hop,10,0,0
340,u2,80's,rock,46,7,150
342,fka twigs,10's,pop,0,0,0
343,phoebe bridgers,10's,folk,0,0,0
345,death,90's,metal,0,0,0
346,linkin park,00's,rock,0,0,100
348,godspeed you! black emperor,00's,rock,0,0,0
349,carly rae jepsen,10's,pop,0,0,0
352,van morrison,60's,folk,7,0,0
353,mount eerie,10's,folk,0,0,0
356,electric wizard,00's,metal,0,0,0
357,converge,00's,metal,0,0,0
360,soundgarden,90's,rock,0,0,0
363,little simz,10's,hip-hop,0,0,0
365,funkadelic,70's,rock,0,0,0
366,kero kero bonito,10's,pop,0,0,0
367,panda bear,00's,rock,0,0,0
368,patti smith,70's,rock,4,0,0
370,my chemical romance,00's,rock,0,0,0
372,ramones,70's,rock,0,0,0
376,vampire weekend,00's,rock,0,0,0
377,fugazi,90's,rock,0,0,0
379,the national,00's,rock,0,0,0
380,duster,90's,rock,0,0,0
384,yo la tengo,90's,rock,0,0,0
388,mac demarco,10's,pop,0,0,0
393,violent femmes,80's,rock,0,0,0
394,kyuss,90's,rock,0,0,0
397,bruce springsteen,70's,rock,50,0,150
398,deerhunter,10's,rock,0,0,0
400,blur,90's,rock,0,0,0
401,suicide,70's,rock,0,0,0
402,built to spill,90's,rock,0,0,0
403,vince staples,10's,hip-hop,0,0,0
406,injury reserve,10's,hip-hop,0,0,0
412,avey tare and panda bearavey tarepanda bear,00's,rock,0,0,0
413,against all logic,10's,electronic,0,0,0
417,franz ferdinand,00's,rock,0,0,0
418,king gizzard and the lizard wizard,10's,rock,0,0,0
420,childish gambino,10's,soul_funk,0,0,0
425,stevie wonder,70's,soul_funk,74,2,100
426,oneohtrix point never,10's,electronic,0,0,0
428,ride,90's,rock,0,0,0
429,neil young with crazy horseneil youngcrazy horse,60's,rock,0,0,0
430,ween,90's,rock,0,0,0
435,jethro tull,70's,rock,0,0,0
438,the antlers,00's,rock,0,0,0
442,herbie hancock,70's,jazz,0,0,0
443,public enemy,80's,hip-hop,6,0,0
445,idles,10's,rock,0,0,0
446,the kinks,60's,rock,0,0,0
447,the dismemberment plan,90's,rock,0,0,0
451,denzel curry x kenny beatsdenzel currykenny beats,10's,hip-hop,0,0,0
452,nick cave and the bad seeds,90's,rock,0,0,0
453,bowie,70's,rock,0,0,0
455,george harrison,70's,rock,0,0,0
456,deep purple,70's,rock,0,0,0
459,boris,00's,rock,0,0,0
460,charles mingus,50's,jazz,0,0,0
463,yves tumor,10's,rock,0,0,0
464,the killers,00's,rock,0,0,0
466,dua lipa,10's,pop,0,0,0
467,captain beefheart and his magic band,60's,rock,0,0,0
469,dr. dre,90's,hip-hop,26,0,0
470,mac miller,10's,soul_funk,0,0,0
474,lil ugly mane,10's,hip-hop,0,0,0
475,this heat,80's,rock,0,0,0
479,big black,80's,rock,0,0,0
481,unwound,00's,rock,0,0,0
485,mastodon,00's,metal,0,0,0
486,neu!,70's,rock,0,0,0
487,the mothers of invention,60's,rock,0,0,0
488,파란노을 [parannoul],10's,rock,0,0,0
489,the xx,00's,pop,0,0,0
494,squid,10's,rock,0,0,0
499,black flag,80's,rock,0,0,0
500,simon and garfunkel,70's,pop,0,0,0
501,john lennon / plastic ono band,70's,rock,0,0,0
504,jessie ware,10's,pop,0,0,0
506,agalloch,00's,metal,0,0,0
507,sun kil moon,10's,folk,0,0,0
509,faith no more,90's,rock,0,0,0
513,hüsker dü,80's,rock,0,0,0
514,freddie gibbs & the alchemist,10's,hip-hop,0,0,0
519,silk sonic,10's,soul_funk,0,0,0
520,mobb deep,90's,hip-hop,0,0,0
523,broken social scene,00's,rock,0,0,0
526,cream,60's,rock,1,0,0
527,explosions in the sky,00's,rock,0,0,0
532,pulp,90's,rock,0,0,0
535,james blake,10's,pop,0,0,0
537,minutemen,80's,rock,0,0,0
545,kid cudi,00's,pop,0,0,0
546,devo,70's,rock,0,0,0
547,crystal castles,00's,electronic,0,0,0
548,porcupine tree,00's,rock,0,0,0
549,bloc party,00's,rock,0,0,0
551,steely dan,70's,rock,0,0,0
552,coil,00's,electronic,0,0,0
557,rina sawayama,10's,pop,0,0,0
558,low,90's,rock,0,0,0
559,clipping.,10's,hip-hop,0,0,0
560,ulver,90's,metal,0,0,0
564,dream theater,90's,metal,0,0,0
565,parquet courts,10's,rock,0,0,0
571,c418,10's,electronic,0,0,0
572,prodigy,90's,electronic,0,0,0
573,red house painters,90's,rock,0,0,0
575,judas priest,90's,metal,0,0,0
578,the replacements,80's,rock,0,0,0
582,deltron 3030,00's,hip-hop,0,0,0
584,n.w.a,80's,hip-hop,0,0,0
585,comus,70's,folk,0,0,0
586,공중도둑 [mid-air thief],10's,rock,0,0,0
589,king gizzard & the lizard wizard,10's,rock,0,0,0
591,iggy pop,70's,rock,0,0,0
597,jefferson airplane,60's,rock,0,0,0
600,the knife,00's,electronic,0,0,0
604,drake,10's,pop,0,0,170
607,mogwai,90's,rock,0,0,0
609,pj harvey,10's,rock,0,0,0
610,lauryn hill,90's,soul_funk,0,0,0
611,mos def,90's,hip-hop,0,0,0
612,creedence clearwater revival,70's,rock,0,1,0
613,ecco2k,10's,pop,0,0,0
618,snoop doggy dogg,90's,hip-hop,0,0,0
624,janelle monáe,10's,pop,0,0,0
629,galaxie 500,80's,rock,0,0,0
630,jay-z,00's,soul_funk,77,4,125
637,candy claws,10's,rock,0,0,0
642,angelo badalamenti,90's,jazz,0,0,0
644,amy winehouse,00's,pop,0,0,0
645,the avalanches,10's,rock,0,0,0
646,mitski,10's,rock,0,0,0
647,boredoms,90's,rock,0,0,0
649,tim hecker,10's,electronic,0,0,0
650,death cab for cutie,00's,rock,0,0,0
652,primal scream,90's,rock,0,0,0
653,the dave brubeck quartet,50's,jazz,0,0,0
654,guided by voices,90's,rock,0,0,0
660,pharoah sanders,60's,jazz,0,0,0
661,mr. bungle,90's,rock,0,0,0
662,of montreal,00's,rock,0,0,0
664,a$ap rocky,10's,hip-hop,0,0,0
666,anderson .paak,10's,soul_funk,0,0,0
667,viktor vaughn,00's,hip-hop,0,0,0
669,robert wyatt,70's,rock,0,0,0
671,autechre,90's,electronic,0,0,0
676,mayhem,90's,metal,0,0,0
678,isis,00's,metal,0,0,0
681,refused,90's,rock,0,0,0
682,bauhaus,80's,rock,0,0,0
684,pantera,90's,metal,0,0,0
685,glenn branca,80's,rock,0,0,0
688,jamie xx,10's,electronic,0,0,0
691,alcest,00's,rock,0,0,0
692,blondie,70's,rock,0,0,0
693,foo fighters,90's,rock,0,0,0
694,bad brains,80's,rock,0,0,0
695,t. rex,70's,rock,0,0,0
696,faust,70's,rock,0,0,0
698,xiu xiu,00's,electronic,0,0,0
700,alvvays,10's,pop,0,0,0
703,stereolab,90's,pop,0,0,0
704,sunny day real estate,90's,rock,0,0,0
708,d'angelo and the vanguard,10's,soul_funk,0,0,0
709,sza,10's,soul_funk,0,0,0
714,the postal service,00's,pop,0,0,0
717,ornette coleman,50's,jazz,0,0,0
718,john lennon,70's,rock,4,3,0
719,tears for fears,80's,rock,0,0,0
720,camel,70's,rock,0,0,0
723,2814,10's,electronic,0,0,0
726,the roots,90's,jazz,0,0,0
727,the magnetic fields,90's,pop,0,0,0
730,elvis costello,70's,rock,14,0,0
731,king krule,10's,rock,0,0,0
732,bright eyes,00's,folk,0,0,0
734,darkthrone,90's,metal,0,0,0
736,m.i.a.,00's,hip-hop,0,0,0
737,lingua ignota,10's,folk,0,0,0
738,nujabes,00's,jazz,0,0,0
739,prince,80's,rock,38,0,100
742,nick cave & the bad seeds,10's,rock,0,0,0
743,magdalena bay,10's,pop,0,0,0
744,grouper,00's,folk,0,0,0
745,a silver mt. zion,00's,rock,0,0,0
748,stan getz & joão gilberto featuring antônio carlos jobim,60's,jazz,0,0,0
749,pere ubu,70's,rock,0,0,0
750,sleep,00's,metal,0,0,0
751,jon hopkins,10's,electronic,0,0,0
755,giles corey,10's,rock,0,0,0
756,julia holter,10's,pop,0,0,0
758,青葉市子 [ichiko aoba],10's,folk,0,0,0
759,spellling,10's,pop,0,0,0
761,emperor,90's,metal,0,0,0
763,grizzly bear,00's,pop,0,0,0
764,ariel pink,10's,pop,0,0,0
767,japanese breakfast,10's,pop,0,0,0
773,the can,60's,rock,0,0,0
776,van halen,70's,rock,0,0,80
779,slipknot,90's,metal,0,0,0
786,taylor swift,10's,pop,0,0,200
789,motörhead,80's,rock,0,0,0
794,curtis mayfield,70's,soul_funk,8,0,0
796,eric dolphy,60's,jazz,0,0,0
797,father john misty,10's,folk,0,0,0
801,jeff rosenstock,10's,rock,0,0,0
802,xtc,80's,rock,0,0,0
803,battles,00's,rock,0,0,0
805,beyoncé,10's,pop,0,0,200
811,nico,70's,folk,0,0,0
812,raekwon,90's,hip-hop,0,0,0
817,the pink floyd,60's,rock,0,0,0
818,andrew jackson jihad,00's,rock,0,0,0
821,paul simon,80's,rock,0,0,0
822,weatherday,10's,rock,0,0,0
829,ariana grande,10's,pop,0,0,85
830,venetian snares,00's,electronic,0,0,0
831,alt-j,10's,pop,0,0,0
832,kali uchis,10's,soul_funk,0,0,0
834,ミドリ [midori],00's,rock,0,0,0
837,the modern lovers,70's,rock,0,0,0
840,mazzy star,90's,rock,0,0,0
843,thom yorke,00's,pop,0,0,0
845,bark psychosis,90's,rock,0,0,0
847,st. vincent,10's,rock,0,0,0
848,d'angelo,00's,soul_funk,0,0,0
850,tortoise,90's,rock,0,0,0
854,gojira,00's,metal,0,0,0
857,syd barrett,70's,rock,0,0,0
861,blink-182,90's,rock,0,0,0
862,xxxtentacion,10's,rock,0,0,0
867,olivia rodrigo,10's,pop,0,0,0
868,alice coltrane featuring pharoah sanders,70's,jazz,0,0,0
870,pil,70's,rock,0,0,0
873,dio,80's,metal,0,0,0
875,the caretaker,10's,electronic,0,0,0
876,soft machine,70's,rock,0,0,0
878,king geedorah,00's,hip-hop,0,0,0
881,mort garson,70's,pop,0,0,0
882,genesis owusu,10's,soul_funk,0,0,0
885,the brave little abacus,10's,rock,0,0,0
887,sly & the family stone,70's,soul_funk,0,0,0
888,melvins,90's,metal,0,0,0
889,paul & linda mccartneypaul mccartneylinda mccartney,70's,rock,0,0,0
891,siouxsie and the banshees,80's,rock,0,0,0
893,scott engel,60's,pop,0,0,0
897,common,00's,hip-hop,0,0,0
901,serge gainsbourg,70's,pop,0,0,0
903,rainbow,70's,rock,0,0,0
904,mike oldfield,70's,rock,0,0,0
907,korn,90's,metal,0,0,0
912,the war on drugs,10's,rock,0,0,0
914,thundercat,10's,soul_funk,0,0,0
916,j. cole,10's,hip-hop,0,0,0
919,morbid angel,80's,metal,0,0,0
920,william basinski,00's,electronic,0,0,0
921,cannibal ox,00's,hip-hop,0,0,0
923,roxy music,70's,rock,0,0,0
925,the chameleons,80's,rock,0,0,0
928,the cars,70's,rock,0,0,0
932,de la soul,80's,hip-hop,0,0,0
947,bonnie 'prince' billy,90's,folk,0,0,0
949,cure,90's,rock,0,0,0
952,moby,90's,electronic,0,0,0
955,drive like jehu,90's,rock,0,0,0
957,sonic-youth,80's,rock,0,0,0
959,dire straits,80's,rock,0,0,100
960,exuma,70's,folk,0,0,0
964,echo & the bunnymen,80's,rock,0,0,0
965,amon düül ii,70's,rock,0,0,0
969,the shins,00's,pop,0,0,0
974,phoenix,00's,pop,0,0,0
978,destroyer,10's,pop,0,0,0
980,bladee,10's,rock,0,0,0
985,magnolia electric co.,00's,rock,0,0,0
991,belle & sebastian,90's,pop,0,0,0
996,the verve,90's,rock,0,0,0
1003,tangerine dream,70's,electronic,0,0,0
1007,black star,90's,hip-hop,0,0,0
1008,descendents,80's,rock,0,0,0
1010,"crosby, stills, nash & young",70's,rock,0,0,0
1014,peter gabriel,80's,rock,0,0,0
1015,lil uzi vert,10's,pop,0,0,0
1016,macintosh plus,10's,electronic,0,0,0
1019,stars of the lid,00's,electronic,0,0,0
1020,doom,00's,hip-hop,0,0,0
1021,dissection,90's,metal,0,0,0
1023,bathory,80's,metal,0,0,0
1028,jai paul,10's,soul_funk,0,0,0
1031,future,10's,hip-hop,0,0,0
1032,gas,00's,electronic,0,0,0
1033,poppy,10's,metal,0,0,0
1034,the jesus lizard,90's,rock,0,0,0
1036,the band,60's,rock,0,0,0
1038,four tet,00's,folk,0,0,0
1039,quasimoto,00's,jazz,0,0,0
1041,2pac,90's,hip-hop,6,1,0
1042,rammstein,00's,metal,0,0,0
1043,big star,70's,pop,0,0,0
1044,paul mccartney & wings,70's,rock,0,0,0
1045,wipers,80's,rock,0,0,0
1047,simon & garfunkel,60's,rock,11,1,100
1049,arca,10's,pop,0,0,0
1050,death from above 1979,00's,rock,0,0,0
1054,art blakey and the jazz messengers,50's,jazz,0,0,0
1057,cryptopsy,90's,metal,0,0,0
1061,the 13th floor elevators,60's,rock,0,0,0
1062,yeah yeah yeahs,00's,rock,0,0,0
1064,lady gaga,00's,pop,0,0,124
1067,the black keys,10's,rock,0,0,0
1069,neurosis,90's,metal,0,0,0
1070,m83,10's,pop,0,0,0
1071,the fall,80's,rock,0,0,0
1074,tim buckley,70's,rock,0,0,0
1077,throbbing gristle,70's,electronic,0,0,0
1079,manic street preachers,90's,rock,0,0,0
1082,grateful dead,70's,rock,0,0,0
1083,フィッシュマンズ,90's,pop,0,0,0
1088,machine girl,10's,electronic,0,0,0
1090,椎名林檎 [sheena ringo],00's,rock,0,0,0
1093,atheist,90's,metal,0,0,0
1095,shabazz palaces,10's,hip-hop,0,0,0
1096,candlemass,80's,metal,0,0,0
1098,bob marley & the wailersbob marleythe wailers,70's,reggae,0,0,0
1099,the pop group,70's,rock,0,0,0
1102,sparks,70's,rock,0,0,0
1103,carissa's wierd,00's,rock,0,0,0
1104,elton john,70's,rock,34,7,300
1105,brian eno-david byrnebrian enodavid byrne,80's,rock,0,0,0
1109,the moody blues with the london festival orchestra,60's,rock,0,0,0
1110,angel olsen,10's,pop,0,0,0
1111,os mutantes,60's,rock,0,0,0
1113,earth,90's,metal,0,0,0
1114,santana,70's,rock,14,0,100
1115,porter robinson,10's,electronic,0,0,0
1117,viet cong,10's,rock,0,0,0
1122,a perfect circle,00's,rock,0,0,0
1124,the kniφe,10's,electronic,0,0,0
1127,eric b. & rakim,80's,hip-hop,0,0,0
1130,townes van zandt,60's,folk,0,0,0
1131,brian eno with daniel lanois & roger eno,80's,electronic,0,0,0
1133,the feelies,80's,rock,0,0,0
1134,audioslave,00's,rock,0,0,0
1135,clipse,00's,hip-hop,0,0,0
1137,boston,70's,rock,0,0,0
1140,courtney barnett,10's,rock,0,0,0
1143,big l,90's,hip-hop,0,0,0
1147,otis redding,60's,soul_funk,5,0,0
1150,supertramp,70's,rock,0,0,0
1151,the mahavishnu orchestra with john mclaughlinmahavishnu orchestrajohn mclaughlin,70's,rock,0,0,0
1152,gorguts,90's,metal,0,0,0
1153,dangerdoom,00's,hip-hop,0,0,0
1157,fever ray,00's,pop,0,0,0
1158,dinosaur jr,80's,rock,0,0,0
1159,the comet is coming,10's,jazz,0,0,0
1160,three-6 mafia,90's,hip-hop,0,0,0
1162,kamasi washington,10's,jazz,0,0,0
1168,anthrax,80's,metal,0,0,0
1170,the police,80's,rock,8,5,75
1171,ozzy osbourne,80's,rock,0,0,0
1173,ghostface killah,00's,hip-hop,0,0,0
1174,caroline polachek,10's,pop,0,0,0
1175,shellac,90's,rock,0,0,0
1176,julee cruise,80's,pop,0,0,0
1181,noname,10's,jazz,0,0,0
1186,lightning bolt,00's,rock,0,0,0
1187,r.a.p. ferreira,10's,jazz,0,0,0
1194,"21 savage, offset & metro boomin",10's,hip-hop,0,0,0
1196,john cale,70's,pop,0,0,0
1198,tv on the radio,00's,rock,0,0,0
1199,iglooghost,10's,electronic,0,0,0
1205,the pharcyde,90's,jazz,0,0,0
1206,cloud nothings,10's,rock,0,0,0
1210,ariel pink's haunted graffiti,10's,pop,0,0,0
1213,slowthai,10's,hip-hop,0,0,0
1214,sepultura,80's,metal,0,0,0
1215,paramore,10's,rock,0,0,0
1216,solange,10's,soul_funk,0,0,0
1217,big k.r.i.t.,10's,hip-hop,0,0,0
1220,yung lean,10's,hip-hop,0,0,0
1223,between the buried and me,00's,metal,0,0,0
1226,billy woods & kenny segal,10's,hip-hop,0,0,0
1227,caravan,70's,rock,0,0,0
1231,godflesh,80's,metal,0,0,0
1235,broadcast,00's,pop,0,0,0
1237,sleater-kinney,00's,rock,0,0,0
1238,purple mountains,10's,rock,0,0,0
1244,cynic,90's,metal,0,0,0
1258,george clanton,10's,pop,0,0,0
1259,parliament,70's,soul_funk,0,0,0
1262,van der graaf generator,70's,rock,0,0,0
1263,everything everything,10's,rock,0,0,0
1266,carole king,70's,rock,0,0,0
1268,春ねむり [haru nemuri],10's,rock,0,0,0
1269,perfume genius,10's,pop,0,0,0
1273,the voidz,10's,rock,0,0,0
1275,killer mike,10's,hip-hop,0,0,0
1279,nicolás jaar,10's,pop,0,0,0
1280,lou reed & metallica,10's,metal,0,0,0
1283,adele,10's,pop,0,0,120
1286,nails,10's,metal,0,0,0
1290,primus,90's,metal,0,0,0
1294,carcass,90's,metal,0,0,0
1295,dean blunt,10's,pop,0,0,0
1298,deathspell omega,10's,metal,0,0,0
1301,charlie mingus,60's,jazz,0,0,0
1302,sufjan stevens & angelo de augustine,10's,folk,0,0,0
1311,fugees,90's,hip-hop,0,0,0
1314,chvrches,10's,electronic,0,0,0
1316,joey bada$$,10's,hip-hop,0,0,0
1317,placebo,90's,rock,0,0,0
1318,the gun club,80's,rock,0,0,0
1321,tropical fuck storm,10's,rock,0,0,0
1325,福居良 [ryo fukui],70's,jazz,0,0,0
1331,queensrÿche,80's,metal,0,0,0
1332,clouddead,00's,hip-hop,0,0,0
1333,silver apples,60's,rock,0,0,0
1334,eagles,70's,rock,0,0,200
1337,nick cave featuring the bad seeds,80's,rock,0,0,0
1338,sun ra,70's,jazz,0,0,0
1340,armand hammer & the alchemist,10's,hip-hop,0,0,0
1341,orchid,90's,rock,0,0,0
1342,john zorn,90's,rock,0,0,0
1343,vince guaraldi,60's,jazz,0,0,0
1344,mercury rev,90's,rock,0,0,0
1347,twenty øne piløts,10's,pop,0,0,0
1348,joji,10's,soul_funk,0,0,0
1349,women,10's,rock,0,0,0
1351,snail mail,10's,rock,0,0,0
1352,misfits,80's,rock,0,0,0
1353,derek and the dominos,70's,rock,0,0,0
1358,clarence clarity,10's,pop,0,0,0
1361,aesop rock,10's,hip-hop,0,0,0
1362,nomeansno,80's,rock,0,0,0
1363,scott walker,60's,pop,0,0,0
1364,killing joke,80's,rock,0,0,0
1366,turnstile,10's,rock,0,0,0
1369,hole,90's,rock,0,0,0
1370,sunn o))),00's,metal,0,0,0
1376,offspring,90's,rock,0,0,0
1377,meat puppets,80's,rock,0,0,0
1380,acid bath,90's,metal,0,0,0
1383,21 savage & metro boomin,10's,hip-hop,0,0,0
1385,madonna,90's,pop,28,13,300
1391,migos,10's,hip-hop,0,0,0
1392,behemoth,10's,metal,0,0,0
1393,the red hot chili peppers,90's,rock,0,0,0
1394,the united states of america,60's,rock,0,0,0
1396,...and you will know us by the trail of dead,00's,rock,0,0,0
1404,the unicorns,00's,pop,0,0,0
1405,saba,10's,jazz,0,0,0
1408,melt-banana,10's,rock,0,0,0
1411,oranssi pazuzu,10's,rock,0,0,0
1412,gentle giant,70's,rock,0,0,0
1413,cat power,90's,rock,0,0,0
1414,the streets,00's,hip-hop,0,0,0
1417,vashti bunyan,70's,folk,0,0,0
1419,(sandy) alex g,10's,rock,0,0,0
1421,the chemical brothers,90's,electronic,0,0,0
1424,florence + the machine,00's,pop,0,0,0
1426,ghost,10's,rock,0,0,0
1428,"emerson, lake & palmer",70's,rock,0,0,0
1431,death's dynamic shroud.wmv,10's,electronic,0,0,0
1434,おとぼけビ～バ～ [otoboke beaver],10's,rock,0,0,0
1437,alanis morissette,90's,rock,0,0,0
1438,the field,00's,electronic,0,0,0
1439,harold budd / brian enoharold buddbrian eno,80's,electronic,0,0,0
1440,lil nas x,10's,pop,0,0,0
1441,cornelius,90's,rock,0,0,0
1442,silver jews,90's,rock,0,0,0
1445,aerosmith,70's,rock,14,0,150
1447,rosalía,10's,pop,0,0,0
1452,dälek,00's,hip-hop,0,0,0
1454,marilyn manson,90's,rock,0,0,0
1455,lianne la havas,10's,soul_funk,0,0,0
1456,big thief,10's,folk,0,0,0
1463,chance the rapper,10's,pop,0,0,0
1464,frank zappa and the mothers of inventionfrank zappathe mothers of invention,70's,rock,0,0,0
1467,kacey musgraves,10's,pop,0,0,0
1471,biosphere,90's,electronic,0,0,0
1472,antony and the johnsons,00's,pop,0,0,0
1476,ol' dirty bastard,90's,hip-hop,0,0,0
1479,the dillinger escape plan,90's,metal,0,0,0
1481,steven wilson,10's,rock,0,0,0
1484,slauson malone,10's,hip-hop,0,0,0
1486,john maus,10's,pop,0,0,0
1488,at the gates,90's,metal,0,0,0
1490,sewerslvt,10's,electronic,0,0,0
1491,isaac hayes,60's,soul_funk,0,0,0
1492,mercyful fate,80's,metal,0,0,0
1493,tori amos,90's,rock,0,0,0
1494,lynyrd skynyrd,70's,rock,0,0,0
1495,50 cent,00's,hip-hop,0,0,0
1496,jean michel jarre,70's,electronic,0,0,0
1498,brian wilson,00's,pop,0,0,0
1499,the prodigy,90's,electronic,0,0,0
1501,u.s. girls,10's,rock,0,0,0
1504,shame,10's,rock,0,0,0
1515,lil peep,10's,rock,0,0,0
1520,panic! at the disco,00's,rock,0,0,0
1521,eels,90's,pop,0,0,0
1522,sonny rollins,50's,jazz,0,0,0
1523,magazine,70's,rock,0,0,0
1527,jesu,00's,rock,0,0,0
1528,sampha,10's,soul_funk,0,0,0
1529,post malone,10's,pop,0,0,80
1530,blood orange,10's,pop,0,0,0
1538,mgła,10's,metal,0,0,0
1539,immortal,90's,metal,0,0,0
1540,yellow magic orchestra,70's,electronic,0,0,0
1541,hella,00's,rock,0,0,0
1543,sade,90's,pop,0,0,0
1546,山岡晃 [akira yamaoka],00's,electronic,0,0,0
1560,prefab sprout,80's,rock,0,0,0
1561,cat stevens,70's,rock,0,0,0
1566,celtic frost,80's,metal,0,0,0
1567,gang starr,90's,hip-hop,0,0,0
1570,the mothers,70's,rock,0,0,0
1573,lil wayne,00's,hip-hop,0,0,120
1577,chelsea wolfe,10's,rock,0,0,0
1578,chuck person,10's,electronic,0,0,0
1579,nina simone,60's,blues,0,0,0
1582,cannonball adderley,50's,jazz,0,0,0
1584,mission of burma,80's,rock,0,0,0
1585,entombed,90's,metal,0,0,0
1592,malibu ken,10's,hip-hop,0,0,0
1593,limp bizkit,00's,rock,0,0,0
1598,the sound,80's,rock,0,0,0
1600,thin lizzy,70's,rock,0,0,0
1602,dorian electra,10's,electronic,0,0,0
1604,"thaiboy digital, bladee & ecco2k",10's,hip-hop,0,0,0
1606,arthur russell,80's,pop,0,0,0
1608,electric light orchestra,70's,rock,0,0,0
1610,digable planets,90's,jazz,0,0,0
1612,young marble giants,80's,rock,0,0,0
1613,protomartyr,10's,rock,0,0,0
1619,new york dolls,70's,rock,0,0,0
1621,frank sinatra,50's,jazz,0,0,150
1623,fennesz,00's,electronic,0,0,0
1628,blank banshee,10's,hip-hop,0,0,0
1632,einstürzende neubauten,80's,electronic,0,0,0
1633,napalm death,80's,metal,0,0,0
1634,goldfrapp,00's,pop,0,0,0
1641,duran duran,80's,electronic,0,0,0
1642,grandaddy,00's,rock,0,0,0
1645,current 93,90's,folk,0,0,0
1653,elvis presley,50's,rock,4,21,500
1658,rihanna,10's,soul_funk,0,0,250
1660,mar1lyn man5on,90's,rock,0,0,0
1665,schoolboy q,10's,hip-hop,0,0,0
1669,caribou,10's,electronic,0,0,0
1671,the byrds,60's,rock,0,1,0
1672,morphine,90's,rock,0,0,0
1674,billy joel,70's,rock,0,0,160
1677,type o negative,90's,metal,0,0,0
1678,evanescence,00's,rock,0,0,0
1679,батюшка [batushka],10's,metal,0,0,0
1681,death in june,90's,folk,0,0,0
1682,bob marley and the wailersbob marleythe wailers,70's,reggae,0,0,0
1686,the sonics,60's,rock,0,0,0
1688,steve roach,80's,electronic,0,0,0
1690,chief keef,10's,hip-hop,0,0,0
1693,suede,90's,rock,0,0,0
1695,bedwetter,10's,hip-hop,0,0,0
1697,spiritualized,90's,rock,0,0,0
1699,sons of kemet,10's,jazz,0,0,0
1704,the decemberists,00's,rock,0,0,0
1705,laurie anderson,80's,pop,0,0,0
1706,thelonious monk,50's,jazz,0,0,0
1708,andy stott,10's,electronic,0,0,0
1710,young thug,10's,hip-hop,0,0,0
1713,iceage,10's,rock,0,0,0
1715,gil scott-heron,70's,soul_funk,0,0,0
1718,adrianne lenker,10's,folk,0,0,0
1720,the offspring,90's,rock,0,0,0
1721,madlib,00's,jazz,0,0,0
1723,the hotelier,10's,rock,0,0,0
1724,glass beach,10's,rock,0,0,0
1725,morrissey,80's,pop,0,0,0
1726,cap'n jazz,90's,rock,0,0,0
1728,vektor,10's,metal,0,0,0
1729,monks,60's,rock,0,0,0
1731,pup,10's,rock,0,0,0
1732,dirty projectors,00's,pop,0,0,0
1734,the breeders,90's,rock,0,0,0
1738,codeine,90's,rock,0,0,0
1746,ice cube,90's,hip-hop,0,0,0
1750,j.i.d,10's,hip-hop,0,0,0
1751,dr. octagon,90's,hip-hop,0,0,0
1752,paysage d'hiver,90's,metal,0,0,0
1753,jackson c. frank,60's,folk,0,0,0
1760,justin timberlake,00's,pop,0,0,88
1766,gary numan,70's,electronic,0,0,0
1769,maudlin of the well,00's,metal,0,0,0
1770,beirut,00's,folk,0,0,0
1771,jane's addiction,80's,rock,0,0,0
1772,the angelic process,00's,rock,0,0,0
1774,gravediggaz,90's,hip-hop,0,0,0
1776,edge of sanity,90's,metal,0,0,0
1777,king gizzard & the lizard wizard with mild high clubking gizzard & the lizard wizardmild high club,10's,rock,0,0,0
1780,disclosure,10's,electronic,0,0,0
1784,x,80's,rock,0,0,0
1786,the world is a beautiful place & i am no longer afraid to die,10's,rock,0,0,0
1790,janis joplin,70's,rock,2,0,0
1791,liturgy,10's,metal,0,0,0
1793,stone temple pilots,90's,rock,0,0,0
1794,the mountain goats,00's,folk,0,0,0
1796,public image ltd,70's,rock,0,0,0
1797,the 1975,10's,pop,0,0,0
1798,global communication,90's,electronic,0,0,0
1802,the the,80's,pop,0,0,0
1805,the olivia tremor control,90's,rock,0,0,0
1811,albert ayler trio,60's,jazz,0,0,0
1813,venom,80's,metal,0,0,0
1814,in flames,90's,metal,0,0,0
1815,aretha franklin,60's,soul_funk,44,1,75
1821,jim o'rourke,90's,pop,0,0,0
1822,massive attack,10's,electronic,0,0,0
1823,lil pump,10's,hip-hop,0,0,0
1826,blood incantation,10's,metal,0,0,0
1827,spoon,00's,rock,0,0,0
1831,röyksopp,00's,electronic,0,0,0
1835,sharon van etten,10's,rock,0,0,0
1837,helloween,80's,metal,0,0,0
1838,"crosby, stills & nash",60's,rock,0,0,0
1839,katatonia,90's,metal,0,0,0
1843,the peter brötzmann octet,60's,jazz,0,0,0
1846,kreator,80's,metal,0,0,0
1847,múm,00's,folk,0,0,0
1849,squarepusher,90's,electronic,0,0,0
1853,garbage,90's,rock,0,0,0
1854,flower travellin' band,70's,rock,0,0,0
1855,elvis costello & the attractions,70's,rock,0,0,0
1859,the go! team,00's,rock,0,0,0
1860,blanck mass,10's,electronic,0,0,0
1861,fripp & eno,70's,electronic,0,0,0
1862,darkside,10's,electronic,0,0,0
1863,the tallest man on earth,10's,folk,0,0,0
1864,sky ferreira,10's,pop,0,0,0
1865,iron + wine,00's,folk,0,0,0
1872,the sisters of mercy,80's,rock,0,0,0
1875,the shaggs,60's,rock,0,0,0
1880,natural snow buildings,00's,folk,0,0,0
1883,clairo,10's,pop,0,0,0
1884,wolves in the throne room,00's,metal,0,0,0
1887,the soft machine,60's,rock,0,0,0
1888,butthole surfers,80's,rock,0,0,0
1891,badbadnotgood,10's,jazz,0,0,0
1892,21 savage,10's,hip-hop,0,0,0
1894,lizzo,10's,pop,0,0,0
1901,milo,10's,hip-hop,0,0,0
1904,let's eat grandma,10's,pop,0,0,0
1906,sleigh bells,10's,pop,0,0,0
1907,seatbelts,90's,jazz,0,0,0
1908,exodus,80's,metal,0,0,0
1909,cunninlynguists,00's,hip-hop,0,0,0
1913,kurt vile,10's,rock,0,0,0
1914,the ornette coleman double quartet,60's,jazz,0,0,0
1915,meshuggah,00's,metal,0,0,0
1923,ritchie blackmore's rainbow,70's,rock,0,0,0
1927,the pains of being pure at heart,00's,pop,0,0,0
1928,strapping young lad,90's,metal,0,0,0
1931,lupe fiasco,00's,hip-hop,0,0,0
1939,mahavishnu orchestra,70's,rock,0,0,0
1940,jay reatard,00's,rock,0,0,0
1941,westside gunn,10's,hip-hop,0,0,0
1942,spacemen 3,80's,rock,0,0,0
1945,black dresses,10's,rock,0,0,0
1949,the soft boys,80's,rock,0,0,0
1952,ministry,90's,metal,0,0,0
1953,sixteen horsepower,90's,country,0,0,0
1954,the john coltrane quartet,60's,jazz,0,0,0
1956,meat loaf,70's,rock,0,0,100
1960,disco inferno,90's,rock,0,0,0
1963,demilich,90's,metal,0,0,0
1965,japan,80's,pop,0,0,0
1966,bob dylan & the band,70's,rock,0,0,0
1970,rites of spring,80's,rock,0,0,0
1977,liz phair,90's,rock,0,0,0
1980,the books,00's,folk,0,0,0
1985,kevin abstract,10's,pop,0,0,0
1987,deakin,10's,rock,0,0,0
1990,the libertines,00's,rock,0,0,0
1993,jimmy eat world,00's,rock,0,0,0
1995,richard dawson,10's,folk,0,0,0
1998,backxwash,10's,hip-hop,0,0,0
2005,open mike eagle,10's,hip-hop,0,0,0
2006,underworld,90's,electronic,0,0,0
2008,wishbone ash,70's,rock,0,0,0
2010,the angels of light,00's,rock,0,0,0
2012,bohren & der club of gore,00's,jazz,0,0,0
2013,erykah badu,90's,soul_funk,0,0,0
2016,paul mccartney,70's,rock,0,0,100
2018,asobi seksu,00's,rock,0,0,0
2023,foster the people,10's,pop,0,0,0
2025,jack white,10's,rock,0,0,0
2028,dan deacon,10's,rock,0,0,0
2030,this mortal coil,80's,pop,0,0,0
2034,marillion,80's,rock,0,0,0
2035,them crooked vultures,00's,rock,0,0,0
2037,the pogues,80's,rock,0,0,0
2042,the charlie mingus jazz workshop,50's,jazz,0,0,0
2044,flipper,80's,rock,0,0,0
2046,wolf parade,00's,rock,0,0,0
2049,the sundays,90's,pop,0,0,0
2055,don caballero,90's,rock,0,0,0
2056,gospel,00's,rock,0,0,0
2057,atoms for peace,10's,pop,0,0,0
2058,tricot,10's,rock,0,0,0
2061,fall out boy,00's,rock,0,0,0
2062,the radio dept.,00's,pop,0,0,0
2063,foals,00's,rock,0,0,0
2064,laura marling,10's,folk,0,0,0
2067,sparklehorse,00's,rock,0,0,0
2074,aphrodite's child,70's,rock,0,0,0
2075,blind guardian,90's,metal,0,0,0
2078,dillinger escape plan,00's,metal,0,0,0
2079,isaiah rashad,10's,hip-hop,0,0,0
2081,cage the elephant,10's,rock,0,0,0
2083,wolf alice,10's,rock,0,0,0
2091,david sylvian,80's,pop,0,0,0
2093,kairon; irse!,10's,rock,0,0,0
2096,my morning jacket,00's,rock,0,0,0
2103,polvo,90's,rock,0,0,0
2108,andrew bird,00's,pop,0,0,0
2112,prmlscrm,00's,electronic,0,0,0
2113,toe,00's,rock,0,0,0
2117,duke ellington / charlie mingus / max roachduke ellingtoncharles mingusmax roach,60's,jazz,0,0,0
2120,scraping foetus off the wheel,80's,rock,0,0,0
2122,autopsy,90's,metal,0,0,0
2124,fuck buttons,00's,rock,0,0,0
2126,miles davis quintet,60's,jazz,0,0,0
2130,sublime,90's,rock,0,0,0
2134,wayne shorter,60's,jazz,0,0,0
2137,possessed,80's,metal,0,0,0
2138,nick cave & warren ellis,10's,pop,0,0,0
2139,siekiera,80's,rock,0,0,0
2141,they might be giants,90's,rock,0,0,0
2144,kings of leon,00's,rock,0,0,0
2145,popol vuh,70's,electronic,0,0,0
2149,bowery electric,90's,rock,0,0,0
2150,campfire songs,00's,folk,0,0,0
2155,temple of the dog,90's,rock,0,0,0
2156,teenage fanclub,90's,rock,0,0,0
2157,alice cooper,70's,rock,0,0,0
2162,cardi b,10's,hip-hop,0,0,0
2163,todd rundgren,70's,rock,0,0,0
2166,kaytranada,10's,soul_funk,0,0,0
2167,jackboys & travis scott,10's,pop,0,0,0
2169,uboa,10's,electronic,0,0,0
2172,ugk,90's,hip-hop,0,0,0
2180,patti smith group,70's,rock,0,0,0
2182,soft cell,80's,electronic,0,0,0
2185,kiss,70's,rock,0,0,75
2189,titus andronicus,10's,rock,0,0,0
2191,king diamond,80's,metal,0,0,0
2193,ocean machine,90's,metal,0,0,0
2195,purity ring,10's,electronic,0,0,0
2196,baby keem,10's,hip-hop,0,0,0
2198,mount eerie with julie doiron & fred squiremount eeriejulie doironfred squire,00's,folk,0,0,0
2204,avenged sevenfold,00's,metal,0,0,0
2205,anathema,90's,rock,0,0,0
2207,amon tobin,90's,jazz,0,0,0
2210,drudkh,00's,metal,0,0,0
2214,cut copy,00's,electronic,0,0,0
2223,blue öyster cult,70's,rock,0,0,0
2227,wolfmother,00's,rock,0,0,0
2228,todd terje,10's,electronic,0,0,0
2229,the afghan whigs,90's,rock,0,0,0
2230,verve,90's,rock,0,0,0
2231,imagine dragons,10's,rock,0,0,75
2236,blonde redhead,00's,rock,0,0,0
2237,la dispute,10's,rock,0,0,0
2239,the pretty things,60's,rock,0,0,0
2246,the human league,80's,electronic,0,0,0
2250,mclusky,00's,rock,0,0,0
2254,the slits,70's,rock,0,0,0
2256,kayo dot,00's,rock,0,0,0
2258,이달의 소녀 오드아이써클 [loona odd eye circle],10's,pop,0,0,0
2259,lisa germano,90's,rock,0,0,0
2260,the klf,90's,electronic,0,0,0
2261,incubus,90's,rock,0,0,0
2262,liars,00's,rock,0,0,0
2263,dusty springfield,60's,pop,0,0,0
2265,baroness,00's,metal,0,0,0
2266,various artists,10's,hip-hop,0,0,0
2268,bring me the horizon,10's,rock,0,0,0
2273,testament,80's,metal,0,0,0
2278,ka,10's,hip-hop,0,0,0
2280,kelela,10's,soul_funk,0,0,0
2281,orchestral manœuvres in the dark,80's,electronic,0,0,0
2287,twenty one pilots,10's,pop,0,0,0
2290,pescado rabioso,70's,rock,0,0,0
2293,feist,00's,pop,0,0,0
2294,mass of the fermenting dregs,00's,rock,0,0,0
2296,mach-hommy,10's,hip-hop,0,0,0
2302,big boi,10's,hip-hop,0,0,0
2303,tierra whack,10's,pop,0,0,0
2305,the allman brothers band,70's,rock,8,0,0
2306,big brother & the holding company,60's,rock,0,0,0
2307,band of horses,00's,rock,0,0,0
2310,danzig,80's,rock,0,0,0
2317,the damned,70's,rock,0,0,0
2319,captain beefheart & the magic band,70's,rock,0,0,0
2320,real estate,10's,pop,0,0,0
2321,the raincoats,70's,rock,0,0,0
2322,jay electronica,10's,hip-hop,0,0,0
2324,clap your hands say yeah,00's,rock,0,0,0
2326,foxygen,10's,pop,0,0,0
2328,fairport convention,60's,rock,0,0,0
2331,kelly lee owens,10's,pop,0,0,0
2340,discordance axis,00's,metal,0,0,0
2342,orbital,90's,electronic,0,0,0
2344,the cramps,80's,rock,0,0,0
2351,neon indian,10's,electronic,0,0,0
2352,terry riley,60's,electronic,0,0,0
2355,zz top,70's,rock,0,0,0
2356,melody's echo chamber,10's,rock,0,0,0
2357,echo and the bunnymen,80's,rock,0,0,0
2359,botch,90's,metal,0,0,0
2360,organized konfusion,90's,jazz,0,0,0
2364,"dr. john, the night tripper",60's,rock,0,0,0
2366,the notwist,00's,pop,0,0,0
2367,immolation,00's,metal,0,0,0
2368,pig destroyer,00's,metal,0,0,0
2370,japandroids,10's,rock,0,0,0
2373,fear factory,90's,metal,0,0,0
2374,lamp,00's,pop,0,0,0
2376,harry styles,10's,rock,0,0,0
2379,the congos,70's,reggae,0,0,0
2382,om,10's,rock,0,0,0
2384,the new pornographers,00's,pop,0,0,0
2387,regina spektor,00's,pop,0,0,0
2388,el-p,00's,hip-hop,0,0,0
2392,def leppard,80's,rock,0,0,100
2394,the cranberries,90's,rock,0,0,0
2398,hum,10's,rock,0,0,0
2400,mumford & sons,00's,pop,0,0,0
2401,quelle chris,10's,jazz,0,0,0
2403,manuel göttsching,80's,electronic,0,0,0
2404,the go-betweens,80's,pop,0,0,0
2405,the silver mt. zion memorial orchestra & tra-la-la band,00's,rock,0,0,0
2407,mew,00's,pop,0,0,0
2408,the blue nile,80's,pop,0,0,0
2410,john fahey,70's,folk,0,0,0
2413,jens lekman,00's,pop,0,0,0
2414,janet,90's,pop,0,0,0
2416,blue cheer,60's,rock,0,0,0
2417,gong,70's,rock,0,0,0
2420,czarface & mf doom,10's,hip-hop,0,0,0
2425,tracy chapman,80's,rock,0,0,0
2429,damien rice,00's,folk,0,0,0
2430,arcturus,00's,metal,0,0,0
2434,skee mask,10's,electronic,0,0,0
2437,beat happening,90's,rock,0,0,0
2438,gnarls barkley,00's,soul_funk,0,0,0
2442,dirty three,90's,rock,0,0,0
2443,buffalo springfield,60's,rock,0,0,0
2445,no doubt,90's,rock,0,0,0
2451,ulcerate,10's,metal,0,0,0
2452,wavves,10's,rock,0,0,0
2454,bon jovi,80's,rock,0,0,120
2456,disturbed,00's,metal,0,0,0
2460,elo,80's,rock,0,0,0
2464,the white noise,60's,pop,0,0,0
2465,the jam,70's,pop,0,0,0
2467,linda perhacs,70's,folk,0,0,0
2468,god is an astronaut,00's,rock,0,0,0
2469,sodom,80's,metal,0,0,0
2471,the horrors,00's,rock,0,0,0
2472,komeda quintet,60's,jazz,0,0,0
2474,diiv,10's,pop,0,0,0
2475,bad religion,80's,rock,0,0,0
2479,juice wrld,10's,rock,0,0,0
2480,bolt thrower,00's,metal,0,0,0
2481,skepta,10's,hip-hop,0,0,0
2484,songs: ohia,00's,rock,0,0,0
2485,유키카 [yukika],10's,pop,0,0,0
2486,cult of luna,00's,metal,0,0,0
2488,fatboy slim,90's,electronic,0,0,0
2491,camera obscura,00's,pop,0,0,0
2492,tindersticks,90's,pop,0,0,0
2493,jan jelinek,00's,electronic,0,0,0
2497,the red crayola with the familiar ugly,60's,rock,0,0,0
2500,chet baker,50's,jazz,0,0,0
2503,orb,90's,electronic,0,0,0
2504,kylie,00's,pop,0,0,0
2506,editors,00's,rock,0,0,0
2507,the armed,10's,rock,0,0,0
2508,badbadnotgood & ghostface killah,10's,jazz,0,0,0
2509,neil young + crazy horseneil youngcrazy horse,90's,rock,0,0,0
2514,cypress hill,90's,hip-hop,0,0,0
2516,lush,90's,rock,0,0,0
2523,run-d.m.c.,80's,hip-hop,0,0,0
2524,the fall of troy,00's,rock,0,0,0
2525,standing on the corner,10's,soul_funk,0,0,0
2526,mad season,90's,rock,0,0,0
2528,two door cinema club,10's,pop,0,0,0
2535,dismember,90's,metal,0,0,0
2537,avril lavigne,00's,rock,0,0,0
2540,maroon 5,00's,rock,0,0,120
2542,terrorizer,80's,metal,0,0,0
2543,cannibal corpse,90's,metal,0,0,0
2547,murmuüre,10's,metal,0,0,0
2548,matt elliott,00's,rock,0,0,0
2549,iron butterfly,60's,rock,0,0,0
2550,company flow,90's,hip-hop,0,0,0
2559,pet shop boys,90's,electronic,0,0,0
2560,the birthday party,80's,rock,0,0,0
2568,blind faith,60's,rock,0,0,0
2569,pete rock & c.l. smooth,90's,jazz,0,0,0
2570,haim,10's,rock,0,0,0
2576,gustavo cerati,90's,rock,0,0,0
2577,wild nothing,10's,pop,0,0,0
2578,dogleg,10's,rock,0,0,0
2581,the upsetters,70's,reggae,0,0,0
2583,hannah diamond,10's,electronic,0,0,0
2584,stevie ray vaughan and double trouble,80's,rock,0,0,0
2585,dead can dance,80's,rock,0,0,0
2586,stella donnelly,10's,pop,0,0,0
2590,yg,10's,hip-hop,0,0,0
2598,the thelonious monk quartet,60's,jazz,0,0,0
2599,katy perry,10's,pop,0,0,143
2601,weakling,00's,metal,0,0,0
2602,kasabian,00's,rock,0,0,0
2603,avantdale bowling club,10's,jazz,0,0,0
2605,julien baker,10's,rock,0,0,0
2608,the raconteurs,00's,rock,0,0,0
2609,the garden,10's,rock,0,0,0
2614,ramleh,80's,electronic,0,0,0
2615,suffocation,90's,metal,0,0,0
2617,duke ellington & john coltrane,60's,jazz,0,0,0
2618,john martyn,70's,rock,0,0,0
2621,altar of plagues,10's,metal,0,0,0
2624,kvelertak,10's,rock,0,0,0
2626,keane,00's,rock,0,0,0
2632,"curren$y, freddie gibbs & the alchemist",10's,hip-hop,0,0,0
2633,13th floor elevators,60's,rock,0,0,0
2637,alex g,10's,rock,0,0,0
2640,bruno pernadas,10's,pop,0,0,0
2641,donald fagen,80's,pop,0,0,0
2642,makaveli,90's,hip-hop,0,0,0
2645,bladee & mechatok,10's,pop,0,0,0
2646,the wrens,00's,rock,0,0,0
2649,children of bodom,00's,metal,0,0,0
2651,voivod,80's,metal,0,0,0
2653,coroner,90's,metal,0,0,0
2655,blu & exile,00's,jazz,0,0,0
2657,viagra boys,10's,rock,0,0,0
2666,cigarettes after sex,10's,rock,0,0,0
2667,panic at the disco,00's,rock,0,0,0
2668,bill callahan,00's,country,0,0,0
2674,machine head,00's,metal,0,0,0
2675,klaus schulze,70's,electronic,0,0,0
2677,a$ap ferg,10's,hip-hop,0,0,0
2678,iron and wine,00's,folk,0,0,0
2682,amorphis,90's,metal,0,0,0
2683,royal blood,10's,rock,0,0,0
2684,harold budd / brian eno with daniel lanoisharold buddbrian eno,80's,electronic,0,0,0
2686,andrew w.k.,00's,rock,0,0,0
2687,best coast,10's,pop,0,0,0
2688,chrome,70's,rock,0,0,0
2690,down,90's,metal,0,0,0
2691,fontaines d.c.,10's,rock,0,0,0
2693,sebadoh,90's,rock,0,0,0
2694,moor mother & billy woods,10's,hip-hop,0,0,0
2700,jorge ben,70's,soul_funk,0,0,0
2701,bell witch,10's,metal,0,0,0
2703,negură bunget,00's,metal,0,0,0
2707,파란노을 [parannoul] / asian glow / sonhos tomam conta,10's,rock,0,0,0
2708,michael kiwanuka,10's,soul_funk,0,0,0
2711,waka flocka flame,10's,hip-hop,0,0,0
2715,ryan adams,00's,country,0,0,0
2720,obituary,90's,metal,0,0,0
2721,dinosaur jr.,00's,rock,0,0,0
2722,john lennon & yoko ono,80's,rock,0,0,0
2724,nile,00's,metal,0,0,0
2727,lift to experience,00's,rock,0,0,0
2732,oval,90's,electronic,0,0,0
2733,susanne sundfør,10's,pop,0,0,0
2735,annihilator,80's,metal,0,0,0
2737,laurel halo,10's,pop,0,0,0
2738,edan,00's,hip-hop,0,0,0
2739,britney spears,00's,pop,0,0,100
2741,johnny cash,90's,country,35,0,90
2743,"bladee, ecco2k & thaiboy digital",10's,soul_funk,0,0,0
2747,bat for lashes,00's,pop,0,0,0
2749,francis vincent zappa & the abnuceals emuukha electric symphony orchestra & chorusfrank zappathe abnuceals emuukha electric symphony orchestra,60's,rock,0,0,0
2755,the haxan cloak,10's,electronic,0,0,0
2759,savages,10's,rock,0,0,0
2760,washed out,10's,electronic,0,0,0
2764,chromatics,10's,pop,0,0,0
2771,spiritualized?,10's,rock,0,0,0
2772,aminé,10's,pop,0,0,0
2773,richard hell & the voidoids,70's,rock,0,0,0
2774,the durutti column,80's,rock,0,0,0
2775,lamb of god,00's,metal,0,0,0
2776,girls,00's,rock,0,0,0
2778,uriah heep,70's,rock,0,0,0
2780,tom petty,80's,rock,18,0,80
2781,marina & the diamonds,10's,pop,0,0,0
2786,suicidal tendencies,80's,rock,0,0,0
2787,donovan,60's,pop,0,0,0
2790,the la's,90's,pop,0,0,0
2792,a place to bury strangers,00's,rock,0,0,0
2795,the last shadow puppets,00's,rock,0,0,0
2796,mineral,90's,rock,0,0,0
2800,mavi,10's,jazz,0,0,0
2802,spirit of the beehive,10's,rock,0,0,0
2806,gal costa,60's,pop,0,0,0
2807,algiers,10's,rock,0,0,0
2809,method man,90's,hip-hop,0,0,0
2810,common sense,90's,jazz,0,0,0
2812,hop along,10's,rock,0,0,0
2813,logic,10's,pop,0,0,0
2816,ash ra tempel,70's,rock,0,0,0
2817,tiamat,90's,metal,0,0,0
2818,the residents,70's,rock,0,0,0
2820,weather report,70's,jazz,0,0,0
2822,joyce manor,10's,rock,0,0,0
2823,tenacious d,00's,rock,0,0,0
2825,ed sheeran,10's,pop,0,0,150
2826,dj sprinkles,00's,electronic,0,0,0
2827,tom petty and the heartbreakers,70's,rock,0,0,0
2830,pestilence,80's,metal,0,0,0
2832,soccer mommy,10's,rock,0,0,0
2841,robyn,10's,pop,0,0,0
2843,lil xan,10's,hip-hop,0,0,0
2846,the millennium,60's,pop,0,0,0
2848,unknown mortal orchestra,10's,rock,0,0,0
2850,touché amoré,10's,rock,0,0,0
2854,the weather station,10's,pop,0,0,0
2855,rancid,90's,rock,0,0,0
2856,neptunian maximalism,10's,metal,0,0,0
2857,captain beefheart and the magic band,70's,rock,0,0,0
2861,black rebel motorcycle club,00's,rock,0,0,0
2862,traffic,70's,rock,0,0,0
2874,elder,10's,rock,0,0,0
2877,ryuichi sakamoto,70's,electronic,0,0,0
2890,john mayall with eric claptonjohn mayalleric claptonjohn mayall's bluesbreakers,60's,rock,0,0,0
2891,jeru the damaja,90's,hip-hop,0,0,0
2894,공중도덕,10's,pop,0,0,0
2897,yeule,10's,pop,0,0,0
2900,teyana taylor,10's,soul_funk,0,0,0
2902,the future sound of london,90's,electronic,0,0,0
2905,thee oh sees,10's,rock,0,0,0
2906,the church,80's,rock,0,0,0
2908,lucinda williams,90's,country,0,0,0
2909,huncho jack,10's,hip-hop,0,0,0
2916,amon amarth,00's,metal,0,0,0
2918,deicide,90's,metal,0,0,0
2922,young fathers,10's,soul_funk,0,0,0
2924,hermit and the recluse,10's,hip-hop,0,0,0
2925,little richard,50's,rock,0,0,0
2926,richard & linda thompson,70's,rock,0,0,0
2927,farrah abraham,10's,pop,0,0,0
2929,mono,00's,rock,0,0,0
2930,life without buildings,00's,rock,0,0,0
2931,coheed and cambria,00's,rock,0,0,0
2934,helmet,90's,rock,0,0,0
2937,cake,90's,rock,0,0,0
2938,azealia banks,10's,hip-hop,0,0,0
2946,x-ray spex,70's,rock,0,0,0
2950,gene clark,70's,rock,0,0,0
2953,dark tranquillity,90's,metal,0,0,0
2955,a-ha,80's,electronic,0,0,0
2959,third eye blind,90's,rock,0,0,0
2962,grant green,60's,jazz,0,0,0
2963,natalia lafourcade,10's,folk,0,0,0
2964,chick corea,70's,jazz,0,0,0
2965,nightwish,00's,metal,0,0,0
2968,"harold budd, elizabeth fraser, robin guthrie & simon raymonde",80's,pop,0,0,0
2969,flying saucer attack,90's,rock,0,0,0
2972,devin townsend,00's,metal,0,0,0
2973,swirlies,90's,rock,0,0,0
2976,bruno mars,10's,soul_funk,0,0,150
2981,mötley crüe,80's,metal,0,0,0
2983,tubeway army,70's,electronic,0,0,0
2984,devon hendryx,10's,pop,0,0,0
2986,tycho,10's,electronic,0,0,0
2988,pageninetynine,00's,rock,0,0,0
2990,neil cicierega,10's,pop,0,0,0
2996,supergrass,90's,rock,0,0,0
2999,bo burnham,10's,electronic,0,0,0
3007,mike,10's,hip-hop,0,0,0
3013,iron & wine,00's,folk,0,0,0
3018,lemon demon,10's,electronic,0,0,0
3019,summoning,90's,metal,0,0,0
3020,alex cameron,10's,electronic,0,0,0
3023,the horace silver quintet,60's,jazz,0,0,0
3026,marina and the diamonds,10's,pop,0,0,0
3028,why?,00's,pop,0,0,0
3030,okkervil river,00's,rock,0,0,0
3033,070 shake,10's,pop,0,0,0
3041,a winged victory for the sullen,10's,electronic,0,0,0
3042,happy mondays,90's,rock,0,0,0
3049,kaiser chiefs,00's,rock,0,0,0
3050,ryoji ikeda,00's,electronic,0,0,0
3054,naked city,90's,metal,0,0,0
3057,germs,70's,rock,0,0,0
3059,anohni,10's,pop,0,0,0
3062,mdou moctar,10's,rock,0,0,0
3063,invisible,70's,rock,0,0,0
3066,atlas sound,00's,rock,0,0,0
3067,bonobo,10's,electronic,0,0,0
3068,roy harper,70's,folk,0,0,0
3070,the fiery furnaces,00's,pop,0,0,0
3071,abc,80's,electronic,0,0,0
3072,doja cat,10's,pop,0,0,0
3076,peste noire,00's,metal,0,0,0
3080,simple minds,80's,electronic,0,0,0
3082,dltzk,10's,pop,0,0,0
3085,65daysofstatic,00's,rock,0,0,0
3087,yndi halda,00's,rock,0,0,0
3089,forest swords,10's,electronic,0,0,0
3091,van dyke parks,60's,pop,0,0,0
3094,uncle acid & the deadbeats,10's,rock,0,0,0
3096,a. g. cook,10's,electronic,0,0,0
3098,kansas,70's,rock,0,0,0
3101,chapterhouse,90's,rock,0,0,0
3104,agent orange,80's,rock,0,0,0
3108,moses sumney,10's,pop,0,0,0
3110,cardiacs,90's,rock,0,0,0
3111,this town needs guns,00's,rock,0,0,0
3113,armand hammer,10's,hip-hop,0,0,0
3115,paradise lost,90's,metal,0,0,0
3118,luomo,00's,electronic,0,0,0
3121,wintersun,00's,metal,0,0,0
3122,ybn cordae,10's,jazz,0,0,0
3127,seefeel,90's,electronic,0,0,0
3129,the sugarcubes,80's,rock,0,0,0
3137,oh sees,10's,rock,0,0,0
3139,underscores,10's,pop,0,0,0
3141,viper,00's,hip-hop,0,0,0
3142,山下達郎 [tatsuro yamashita],80's,pop,0,0,0
3146,corey feldman,10's,rock,0,0,0
3147,antônio carlos jobim,60's,jazz,0,0,0
3150,yuck,10's,rock,0,0,0
3152,fantômas,00's,rock,0,0,0
3154,norah jones,00's,pop,0,0,0
3156,toro y moi,10's,electronic,0,0,0
3158,souls of mischief,90's,jazz,0,0,0
3161,fax gang,10's,hip-hop,0,0,0
3167,cindy lee,10's,pop,0,0,0
3169,disembowelment,90's,metal,0,0,0
3170,preoccupations,10's,rock,0,0,0
3171,ana frango elétrico,10's,pop,0,0,0
3174,lily allen,00's,pop,0,0,0
3179,dark angel,80's,metal,0,0,0
3181,thaiboy digital,10's,hip-hop,0,0,0
3187,dark throne,90's,metal,0,0,0
3195,turnover,10's,rock,0,0,0
3197,christoph de babalon,90's,electronic,0,0,0
3203,sigh,00's,metal,0,0,0
3204,吉村弘 [hiroshi yoshimura],80's,electronic,0,0,0
3206,the dillinger esc plan,10's,metal,0,0,0
3208,adolescents,80's,rock,0,0,0
3211,power trip,10's,metal,0,0,0
3213,john prine,70's,folk,0,0,0
3216,pain of salvation,00's,metal,0,0,0
3219,deepchord presents echospace,10's,electronic,0,0,0
3225,n*e*r*d,10's,pop,0,0,0
3228,thelonious monk septet,50's,jazz,0,0,0
3229,lee morgan,60's,jazz,0,0,0
3238,lovesliescrushing,90's,rock,0,0,0
3243,神聖かまってちゃん [shinsei kamattechan],10's,rock,0,0,0
3251,the dream syndicate,80's,pop,0,0,0
3254,saint pepsi,10's,soul_funk,0,0,0
3255,klaxons,00's,rock,0,0,0
3259,al green,70's,soul_funk,21,0,0
3260,jaden,10's,pop,0,0,0
3262,no age,00's,rock,0,0,0
3265,alice coltrane,70's,jazz,0,0,0
3267,remo drive,10's,rock,0,0,0
3273,nilsson,70's,rock,0,0,0
3275,the get up kids,90's,rock,0,0,0
3280,elbow,00's,rock,0,0,0
3281,thee silver mt. zion memorial orchestra & tra-la-la band,00's,rock,0,0,0
3282,ボリス,10's,rock,0,0,0
3286,ayreon,00's,rock,0,0,0
3296,converge & chelsea wolfe,10's,metal,0,0,0
3297,the stranglers,70's,rock,0,0,0
3298,harmonium,70's,folk,0,0,0
3299,harold budd,70's,electronic,0,0,0
3300,superorganism,10's,rock,0,0,0
3303,beth gibbons & rustin man,00's,folk,0,0,0
3306,大貫妙子 [taeko ohnuki],70's,pop,0,0,0
3308,sum 41,00's,rock,0,0,0
3309,gang gang dance,10's,rock,0,0,0
3311,buzzcocks,70's,rock,0,0,0
3312,crying,10's,pop,0,0,0
3316,the newfound interest in connecticut,00's,rock,0,0,0
3321,prurient,10's,electronic,0,0,0
3322,andrew hill,60's,jazz,0,0,0
3323,the flying burrito bros,60's,rock,0,0,0
3327,dmx,90's,hip-hop,0,0,0
3333,the miles davis quintet,50's,jazz,0,0,0
3334,afi,00's,rock,0,0,0
3336,iamamiwhoami,10's,pop,0,0,0
3337,ski mask the slump god,10's,hip-hop,0,0,0
3343,sbtrkt,10's,electronic,0,0,0
3349,cluster,70's,rock,0,0,0
3351,the incredible string band,60's,folk,0,0,0
3353,lykke li,10's,pop,0,0,0
3354,rodriguez,70's,rock,0,0,0
3357,envy,00's,metal,0,0,0
3358,alabama shakes,10's,rock,0,0,0
3360,きのこ帝国 [kinoko teikoku],10's,rock,0,0,0
3363,the wailers,70's,reggae,0,0,0
3365,dry cleaning,10's,rock,0,0,0
3367,my dying bride,90's,metal,0,0,0
3369,david crosby,70's,rock,0,0,0
3373,henry cow,70's,rock,0,0,0
3375,scorpions,80's,rock,0,0,0
3377,max roach,60's,jazz,0,0,0
3378,future islands,10's,electronic,0,0,0
3379,the alan parsons project,70's,rock,0,0,0
3381,anna von hausswolff,10's,electronic,0,0,0
3385,ashra,70's,electronic,0,0,0
3386,hmltd,10's,rock,0,0,0
3387,bill evans trio,60's,jazz,0,0,0
3389,streetlight manifesto,00's,rock,0,0,0
3391,thee silver mt. zion memorial orchestra,10's,rock,0,0,0
3395,rob scallon & doug walker,10's,rock,0,0,0
3396,passion pit,00's,pop,0,0,0
3404,smog,90's,rock,0,0,0
3405,john coltrane quartet,60's,jazz,0,0,0
3407,archers of loaf,90's,rock,0,0,0
3410,the carters,10's,pop,0,0,0
3415,6ix9ine,10's,hip-hop,0,0,0
3419,drop nineteens,90's,rock,0,0,0
3421,"sufjan stevens, nico muhly, bryce dessner & james mcalister",10's,pop,0,0,0
3422,rise against,00's,rock,0,0,0
3423,diamond head,80's,metal,0,0,0
3425,captain beyond,70's,rock,0,0,0
3427,satyricon,90's,metal,0,0,0
3429,shining,00's,metal,0,0,0
3431,better oblivion community center,10's,rock,0,0,0
3434,arlo parks,10's,pop,0,0,0
3436,cyndi lauper,80's,rock,0,0,0
3438,sturgill simpson,10's,soul_funk,0,0,0
3439,mutantes,70's,rock,0,0,0
3442,mewithoutyou,00's,rock,0,0,0
3444,slick rick,80's,hip-hop,0,0,0
3445,enslaved,00's,metal,0,0,0
3446,rome,00's,folk,0,0,0
3449,boldy james & the alchemist,10's,hip-hop,0,0,0
3451,riverside,00's,rock,0,0,0
3453,metronomy,10's,pop,0,0,0
3458,scarface,90's,hip-hop,0,0,0
3460,ne obliviscaris,10's,metal,0,0,0
3462,ben frost,10's,electronic,0,0,0
3465,foxtails,10's,rock,0,0,0
3468,aaliyah,00's,soul_funk,0,0,0
3470,animals as leaders,00's,metal,0,0,0
3472,swell maps,80's,rock,0,0,0
3473,françoise hardy,70's,pop,0,0,0
3474,hayley williams,10's,pop,0,0,0
3475,thinking fellers union local 282,90's,rock,0,0,0
3476,tuxedomoon,80's,rock,0,0,0
3477,moonsorrow,00's,metal,0,0,0
3478,the devin townsend project,00's,metal,0,0,0
3483,primordial,00's,metal,0,0,0
3484,loathe,10's,metal,0,0,0
3486,dababy,10's,hip-hop,0,0,0
3489,premiata forneria marconi,70's,rock,0,0,0
3492,solid space,80's,electronic,0,0,0
3496,amesoeurs,00's,rock,0,0,0
3501,lou reed & john cale,90's,rock,0,0,0
3504,big pun,90's,hip-hop,0,0,0
3508,the darkness,00's,rock,0,0,0
3510,hawkwind,70's,rock,0,0,0
3514,eyehategod,90's,metal,0,0,0
3517,ved buens ende.....,90's,metal,0,0,0
3518,black moth super rainbow,00's,rock,0,0,0
3522,beach bunny,10's,rock,0,0,0
3523,pink guy,10's,hip-hop,0,0,0
3525,sun city girls,90's,rock,0,0,0
3529,grace jones,80's,pop,0,0,0
3531,pinegrove,10's,rock,0,0,0
3532,matmos,10's,electronic,0,0,0
3533,circle jerks,80's,rock,0,0,0
3540,tune-yards,10's,pop,0,0,0
3543,le tigre,90's,rock,0,0,0
3544,robbie basho,70's,folk,0,0,0
3545,sun ra and his arkestra,70's,jazz,0,0,0
3546,the hives,00's,rock,0,0,0
3547,paavoharju,00's,folk,0,0,0
3548,street sects,10's,rock,0,0,0
3549,city morgue,10's,metal,0,0,0
3550,sonny sharrock,60's,jazz,0,0,0
3552,neko case,00's,country,0,0,0
3554,doves,00's,rock,0,0,0
3556,rod stewart,70's,rock,0,0,120
3558,travis,90's,rock,0,0,0
3563,tennis,10's,pop,0,0,0
3564,the rapture,00's,rock,0,0,0
3570,floating points,10's,electronic,0,0,0
3571,goodie mob,90's,hip-hop,0,0,0
3572,t2,70's,rock,0,0,0
3581,soda stereo,90's,rock,0,0,0
3585,wes montgomery,60's,jazz,0,0,0
3586,incantation,90's,metal,0,0,0
3588,the moody blues,60's,pop,0,0,0
3590,sadness,10's,metal,0,0,0
3591,hatchie,10's,pop,0,0,0
3596,jamiroquai,90's,jazz,0,0,0
3597,laura nyro,60's,pop,0,0,0
3599,warning,00's,metal,0,0,0
3600,metro boomin,10's,hip-hop,0,0,0
3601,kashiwa daisuke,00's,electronic,0,0,0
3602,planning for burial,10's,rock,0,0,0
3609,city of caterpillar,00's,rock,0,0,0
3616,chloe x halle,10's,soul_funk,0,0,0
3619,the gathering,90's,metal,0,0,0
3623,baths,10's,pop,0,0,0
3626,against me!,10's,rock,0,0,0
3627,halsey,10's,rock,0,0,0
3628,rjd2,00's,hip-hop,0,0,0
3636,actress,10's,electronic,0,0,0
3645,"the good, the bad & the queen",00's,rock,0,0,0
3648,the mama's and the papa's,60's,rock,0,0,0
3650,silversun pickups,00's,rock,0,0,0
3652,world's end girlfriend,00's,rock,0,0,0
3654,overkill,80's,metal,0,0,0
3655,greta van fleet,10's,rock,0,0,0
3657,hot chip,00's,pop,0,0,0
3668,randy newman,70's,rock,0,0,0
3673,кино [kino],80's,rock,0,0,0
3675,accept,80's,metal,0,0,0
3677,code orange,10's,metal,0,0,0
3680,the cult,80's,rock,0,0,0
3681,don cherry,70's,jazz,0,0,0
3682,taking back sunday,00's,rock,0,0,0
3685,siouxsie & the banshees,80's,rock,0,0,0
3687,the kooks,00's,rock,0,0,0
3688,einstuerzende neubauten,80's,electronic,0,0,0
3694,jefre cantu-ledesma,10's,electronic,0,0,0
3698,devendra banhart,00's,folk,0,0,0
3703,live,90's,rock,0,0,0
3704,ben folds five,90's,rock,0,0,0
3705,nickelback,00's,rock,0,0,0
3708,joão gilberto,50's,jazz,0,0,0
3710,freddie gibbs,10's,hip-hop,0,0,0
3712,3776,10's,pop,0,0,0
3718,the blue öyster cult,70's,rock,0,0,0
3722,orange juice,80's,pop,0,0,0
3724,sevdaliza,10's,pop,0,0,0
3730,eddie vedder,00's,rock,0,0,0
3732,john mayer,00's,rock,0,0,0
3735,jeff beck,70's,rock,0,0,0
3736,damon albarn,10's,pop,0,0,0
3737,gris,00's,metal,0,0,0
3738,janet jackson,80's,pop,0,0,100
3739,chicago transit authority,60's,rock,0,0,0
3740,rob zombie,90's,metal,0,0,0
3741,windir,90's,metal,0,0,0
3744,phil collins,80's,rock,0,0,150
3745,sarcófago,80's,metal,0,0,0
3746,dredg,00's,rock,0,0,0
3749,small faces,60's,rock,0,0,0
3750,john frusciante,00's,rock,0,0,0
3752,morbid saint,90's,metal,0,0,0
3759,renaissance,70's,rock,0,0,0
3761,aztec camera,80's,pop,0,0,0
3762,willie nelson,70's,country,0,0,0
3763,cursive,00's,rock,0,0,0
3764,jessica pratt,10's,folk,0,0,0
3766,koopsta knicca,90's,hip-hop,0,0,0
3770,warpaint,10's,rock,0,0,0
3774,zappa,70's,rock,0,0,0
3775,traveling wilburys,80's,rock,0,0,0
3777,men i trust,10's,pop,0,0,0
3778,circle takes the square,00's,rock,0,0,0
3786,avey tare,10's,rock,0,0,0
3788,brainbombs,90's,rock,0,0,0
3792,nxworries,10's,soul_funk,0,0,0
3793,waxahatchee,10's,country,0,0,0
3794,crywank,10's,folk,0,0,0
3795,magnetic fields,90's,pop,0,0,0
3797,bush,90's,rock,0,0,0
3799,orville peck,10's,country,0,0,0
3800,dimmu borgir,90's,metal,0,0,0
3807,dragonforce,00's,metal,0,0,0
3810,lucio battisti,70's,pop,0,0,0
3811,ultravox,80's,electronic,0,0,0
3816,goblin,70's,rock,0,0,0
3817,repulsion,80's,metal,0,0,0
3818,black sabbath featuring tony iommiblack sabbathtony iommi,80's,rock,0,0,0
3820,the drones,10's,rock,0,0,0
3823,pantha du prince,10's,electronic,0,0,0
3824,inxs,80's,rock,0,0,0
3830,nevermore,00's,metal,0,0,0
3831,gram parsons,70's,rock,1,0,0
3837,eric clapton,70's,rock,37,0,100
3841,the field mice,80's,pop,0,0,0
3844,glass animals,10's,pop,0,0,0
3845,broken bells,10's,pop,0,0,0
3846,justice,10's,rock,0,0,0
3847,daniel caesar,10's,soul_funk,0,0,0
3848,pale saints,90's,rock,0,0,0
3849,kings of convenience,00's,pop,0,0,0
3850,calvin harris,10's,pop,0,0,0
3851,felt,80's,pop,0,0,0
3854,s.o.d.,80's,metal,0,0,0
3855,angel witch,80's,metal,0,0,0
3856,ty segall,10's,rock,0,0,0
3857,stiff little fingers,70's,rock,0,0,0
3862,origami angel,10's,rock,0,0,0
3863,panopticon,10's,metal,0,0,0
3868,midlake,00's,rock,0,0,0
3870,shuggie otis,70's,soul_funk,0,0,0
3871,warren zevon,70's,rock,0,0,0
3874,zeal and ardor,10's,metal,0,0,0
3875,imperial triumphant,10's,metal,0,0,0
3876,julian casablancas + the voidz,10's,rock,0,0,0
3878,owen pallett,10's,pop,0,0,0
3879,oliver nelson,60's,jazz,0,0,0
3880,james brown,70's,soul_funk,8,0,0
3886,royal trux,90's,rock,0,0,0
3889,quelle chris & chris keys,10's,jazz,0,0,0
3895,cecil taylor,60's,jazz,0,0,0
3896,blut aus nord,00's,metal,0,0,0
3898,pop smoke,10's,pop,0,0,0
3901,shabaka and the ancestors,10's,jazz,0,0,0
3904,vein,10's,metal,0,0,0
3909,whitesnake,80's,rock,0,0,0
3910,epmd,80's,hip-hop,0,0,0
3911,jean grae & quelle chris,10's,hip-hop,0,0,0
3915,boogie down productions,80's,hip-hop,0,0,0
3919,modern baseball,10's,rock,0,0,0
3921,metal church,80's,metal,0,0,0
3924,ab-soul,10's,hip-hop,0,0,0
3928,billy bragg & wilco,90's,rock,0,0,0
3929,trent reznor and atticus ross,10's,electronic,0,0,0
3932,joe satriani,80's,rock,0,0,0
3939,failure,90's,rock,0,0,0
3941,ал-90,10's,electronic,0,0,0
3942,cult of luna and julie christmascult of lunajulie christmas,10's,metal,0,0,0
3946,billy woods,10's,hip-hop,0,0,0
3948,goat,10's,rock,0,0,0
3950,billie holiday & ray ellis and his orchestrabillie holidayray ellis,50's,jazz,0,0,0
3953,youth lagoon,10's,pop,0,0,0
3957,cccp fedeli alla linea,80's,rock,0,0,0
3964,david byrne & st. vincent,10's,pop,0,0,0
3969,thirty seconds to mars,00's,rock,0,0,0
3972,trivium,00's,metal,0,0,0
3988,television personalities,80's,rock,0,0,0
3989,the promise ring,90's,rock,0,0,0
3993,gorgoroth,90's,metal,0,0,0
3996,bullet for my valentine,00's,metal,0,0,0
3997,jordaan mason & the horse museum,00's,folk,0,0,0
4003,super furry animals,90's,rock,0,0,0
4005,manu chao,90's,rock,0,0,0
4009,porter ricks,90's,electronic,0,0,0
4010,bill evans & jim hall,60's,jazz,0,0,0
4014,horse lords,10's,rock,0,0,0
4015,grinderman,00's,rock,0,0,0
4016,giorgio,70's,electronic,0,0,0
4022,protest the hero,00's,metal,0,0,0
4025,scott walker + sunn o)))scott walkersunn o))),10's,rock,0,0,0
4027,miles davis + 19,50's,jazz,0,0,0
4029,pi'erre bourne,10's,pop,0,0,0
4035,procol harum,60's,rock,0,0,0
4037,ought,10's,rock,0,0,0
4038,王菲 [faye wong],90's,pop,0,0,0
4046,future & lil uzi vert,10's,hip-hop,0,0,0
4047,dennis wilson,70's,rock,0,0,0
4048,thrice,00's,rock,0,0,0
4051,the internet,10's,soul_funk,0,0,0
4052,bad company,70's,rock,0,0,0
4053,rapeman,80's,rock,0,0,0
4054,dungen,00's,rock,0,0,0
4055,pink siifu,10's,electronic,0,0,0
4062,area,70's,rock,0,0,0
4064,david thomas broughton,00's,folk,0,0,0
4070,rae sremmurd,10's,pop,0,0,0
4074,symphony x,90's,metal,0,0,0
4081,susumu yokota,00's,electronic,0,0,0
4085,conway the machine,10's,hip-hop,0,0,0
4087,beherit,90's,metal,0,0,0
4089,mccoy tyner,60's,jazz,0,0,0
4091,toto,80's,rock,0,0,0
4092,asia,80's,rock,0,0,0
4094,trouble,80's,metal,0,0,0
4096,henry flynt,80's,folk,0,0,0
4100,justin bieber,10's,pop,0,0,150
4101,nofx,90's,rock,0,0,0
4103,kmd,00's,hip-hop,0,0,0
4105,the waterboys,80's,rock,0,0,0
4111,portal,10's,metal,0,0,0
4117,the goslings,00's,rock,0,0,0
4119,blackfield,00's,rock,0,0,0
4120,savatage,80's,metal,0,0,0
4121,microphones,90's,rock,0,0,0
4123,sugar,90's,rock,0,0,0
4124,full of hell & merzbow,10's,metal,0,0,0
4128,the undertones,70's,rock,0,0,0
4130,ground-zero,90's,rock,0,0,0
4132,the crazy world of arthur brown,60's,rock,0,0,0
4135,rustie,10's,electronic,0,0,0
4137,deutsch amerikanische freundschaft,80's,rock,0,0,0
4138,art ensemble of chicago,70's,jazz,0,0,0
4139,the black eyed peas,00's,pop,0,0,80
4141,lloyd cole and the commotions,80's,pop,0,0,0
4142,ladytron,00's,electronic,0,0,0
4143,ad nauseam,10's,metal,0,0,0
4145,rhye,10's,pop,0,0,0
4152,jaco pastorius,70's,jazz,0,0,0
4155,josé gonzález,00's,folk,0,0,0
4158,elastica,90's,rock,0,0,0
4161,amnesia scanner,10's,electronic,0,0,0
4162,spirit,70's,rock,0,0,0
4163,ultramagnetic mc's,80's,hip-hop,0,0,0
4165,papa roach,00's,rock,0,0,0
4166,bikini kill,90's,rock,0,0,0
4168,klô pelgag,10's,pop,0,0,0
4169,miley cyrus,10's,rock,0,0,0
4176,darkspace,00's,metal,0,0,0
4178,leftfield,90's,electronic,0,0,0
4183,cradle of filth,90's,metal,0,0,0
4184,oathbreaker,10's,metal,0,0,0
4185,mount eerie with julie doironmount eeriejulie doiron,10's,folk,0,0,0
4186,goldie,90's,electronic,0,0,0
4188,cluster & eno,70's,electronic,0,0,0
4194,dragged into sunlight,00's,metal,0,0,0
4195,tomb mold,10's,metal,0,0,0
4197,haken,10's,rock,0,0,0
4199,dean blunt & inga copeland,10's,pop,0,0,0
4200,cibo matto,90's,pop,0,0,0
4206,the crickets,50's,rock,0,0,0
4208,glassjaw,00's,rock,0,0,0
4214,jlin,10's,electronic,0,0,0
4219,nils frahm,10's,electronic,0,0,0
4222,boris with merzbow,10's,metal,0,0,0
4223,atmosphere,00's,hip-hop,0,0,0
4226,lemonheads,90's,rock,0,0,0
4228,oxbow,10's,rock,0,0,0
4231,mojave 3,90's,pop,0,0,0
4234,the gaslight anthem,00's,rock,0,0,0
4235,細野晴臣 [haruomi hosono] / 鈴木茂 [shigeru suzuki] / 山下達郎 [tatsuro yamashita],70's,pop,0,0,0
4237,black moon,90's,hip-hop,0,0,0
4238,µ-ziq,90's,electronic,0,0,0
4239,reflection eternal,00's,hip-hop,0,0,0
4241,mild high club,10's,rock,0,0,0
4246,flume,10's,pop,0,0,0
4247,bad bunny,10's,reggae,0,0,0
4248,silvana estrada,10's,folk,0,0,0
4251,eartheater,10's,folk,0,0,0
4252,blackalicious,00's,hip-hop,0,0,0
4253,necrophagist,00's,metal,0,0,0
4255,boldy james & sterling toles,10's,jazz,0,0,0
4257,w.a.s.p.,80's,metal,0,0,0
4258,blink,90's,rock,0,0,0
4261,nocturnus,90's,metal,0,0,0
4263,jenny hval,10's,pop,0,0,0
4264,kylesa,00's,metal,0,0,0
4270,pelican,00's,metal,0,0,0
4271,show me the body,10's,rock,0,0,0
4272,erika de casier,10's,soul_funk,0,0,0
4273,l'rain,10's,rock,0,0,0
4274,sun-ra and his astro infinity arkestra,60's,jazz,0,0,0
4276,budgie,70's,rock,0,0,0
4277,algernon cadwallader,00's,rock,0,0,0
4280,yeasayer,10's,rock,0,0,0
4284,the game,00's,hip-hop,0,0,0
4285,holly herndon,10's,pop,0,0,0
4286,gonjasufi,10's,rock,0,0,0
4287,david gilmour,00's,rock,0,0,0
4295,artillery,90's,metal,0,0,0
4301,fun.,10's,rock,0,0,0
4304,nicki minaj,10's,pop,0,0,100
4307,macklemore & ryan lewis,10's,pop,0,0,0
4310,screaming trees,90's,rock,0,0,0
4313,the dandy warhols,00's,rock,0,0,0
4317,thursday,00's,rock,0,0,0
4322,rich brian,10's,pop,0,0,0
4328,gwen stefani,00's,pop,0,0,0
4332,temples,10's,rock,0,0,0
4333,i hate myself,90's,rock,0,0,0
4337,skid row,80's,rock,0,0,0
4339,of monsters and men,10's,pop,0,0,0
4341,santogold,00's,rock,0,0,0
4346,808 state,80's,electronic,0,0,0
4348,strawberry switchblade,80's,electronic,0,0,0
4349,neil young and crazy horseneil youngcrazy horse,90's,rock,0,0,0
4350,pentagram,80's,metal,0,0,0
4353,目黒将司 [shoji meguro],10's,jazz,0,0,0
4355,joe jackson,70's,pop,0,0,0
4362,yardbirds,60's,rock,0,0,0
4364,crass,70's,rock,0,0,0
4378,ofwgkta,10's,hip-hop,0,0,0
4383,daniel lopatin,10's,electronic,0,0,0
4384,manowar,80's,metal,0,0,0
4387,atari teenage riot,90's,electronic,0,0,0
4397,the vaccines,10's,rock,0,0,0
4398,abba,80's,pop,0,0,150
4399,killswitch engage,00's,metal,0,0,0
4401,babymetal,10's,metal,0,0,0
4402,catherine wheel,90's,rock,0,0,0
4406,cattle decapitation,10's,metal,0,0,0
4410,blackout,90's,hip-hop,0,0,0
4411,nara leão,70's,jazz,0,0,0
4413,waste of space orchestra,10's,metal,0,0,0
4418,imogen heap,00's,pop,0,0,0
4421,lizzy mercier descloux,70's,rock,0,0,0
4423,arthur verocai,70's,pop,0,0,0
4424,serpentwithfeet,10's,pop,0,0,0
4431,kamelot,00's,rock,0,0,0
4434,jónsi,10's,pop,0,0,0
4438,billy cobham,70's,rock,0,0,0
4441,skinny puppy,90's,electronic,0,0,0
4442,metric,00's,rock,0,0,0
4449,le mystère des voix bulgares,70's,folk,0,0,0
4451,the black crowes,90's,rock,0,0,0
4455,(the) melvins,00's,metal,0,0,0
4456,harmonia,70's,rock,0,0,0
4457,16 horsepower,00's,country,0,0,0
4458,blackpink,10's,pop,0,0,0
4462,orphaned land,00's,metal,0,0,0
4465,yusef lateef,60's,jazz,0,0,0
4466,ratatat,00's,electronic,0,0,0
4468,rudimentary peni,80's,rock,0,0,0
4470,nujabes / fat jon,00's,hip-hop,0,0,0
4471,emeralds,10's,electronic,0,0,0
4472,jorja smith,10's,soul_funk,0,0,0
4473,the drums,10's,pop,0,0,0
4474,trust,10's,electronic,0,0,0
4475,these new puritans,10's,rock,0,0,0
4477,magma,70's,rock,0,0,0
4479,bicep,10's,electronic,0,0,0
4480,etta james,60's,blues,0,0,0
4481,free,70's,rock,0,0,0
4482,this will destroy you,00's,rock,0,0,0
4490,kevin ayers,60's,pop,0,0,0
4494,gastr del sol,90's,rock,0,0,0
4496,ty segall band,10's,rock,0,0,0
4501,do make say think,00's,rock,0,0,0
4504,alexandra savior,10's,pop,0,0,0
4510,tenhi,00's,folk,0,0,0
4511,nokturnal mortum,00's,metal,0,0,0
4514,dreamville,10's,hip-hop,0,0,0
4518,the walkmen,00's,rock,0,0,0
4523,mudvayne,00's,metal,0,0,0
4524,gil scott-heron & jamie xx,10's,electronic,0,0,0
4525,аукцыон [auktyon],90's,rock,0,0,0
4528,empire! empire! (i was a lonely estate),00's,rock,0,0,0
4529,sd laika,10's,electronic,0,0,0
4530,badly drawn boy,00's,pop,0,0,0
4531,roger waters,90's,rock,0,0,0
4540,daughter,10's,pop,0,0,0
4541,the devin townsend band,00's,metal,0,0,0
4551,princess nokia,10's,hip-hop,0,0,0
4553,lucy dacus,10's,rock,0,0,0
4556,flatbush zombies,10's,hip-hop,0,0,0
4557,swervedriver,90's,rock,0,0,0
4558,oliver tree,10's,rock,0,0,0
4559,food house,10's,electronic,0,0,0
4560,the john coltrane quartette,60's,jazz,0,0,0
4561,清水靖晃 [yasuaki shimizu],80's,pop,0,0,0
4562,sinéad o'connor,90's,rock,0,0,0
4564,les discrets,10's,rock,0,0,0
4565,deerhoof,00's,rock,0,0,0
4568,roddy ricch,10's,pop,0,0,0
4569,three days grace,00's,rock,0,0,0
4570,depressive silence,90's,electronic,0,0,0
4571,$uicideboy$,10's,hip-hop,0,0,0
4573,the fratellis,00's,rock,0,0,0
4579,velvet revolver,00's,rock,0,0,0
4580,zach hill,10's,rock,0,0,0
4583,the wedding present,90's,rock,0,0,0
4585,blind melon,90's,rock,0,0,0
4593,dj koze,10's,electronic,0,0,0
4595,living colour,80's,rock,0,0,0
4598,leprous,10's,metal,0,0,0
4603,atomic rooster,70's,rock,0,0,0
4605,flaming lips,90's,rock,0,0,0
4608,cliff martinez,10's,electronic,0,0,0
4610,horrendous,10's,metal,0,0,0
4616,cabaret voltaire,80's,rock,0,0,0
4617,jet,00's,rock,0,0,0
4620,tiger trap,90's,pop,0,0,0
4621,rosetta,00's,metal,0,0,0
4626,serj tankian,00's,rock,0,0,0
4628,gabor szabo,60's,jazz,0,0,0
4629,rodan,90's,rock,0,0,0
4631,the dead weather,00's,rock,0,0,0
4632,benny the butcher,10's,hip-hop,0,0,0
4633,nancy sinatra & lee hazlewood,60's,pop,0,0,0
4637,lil yachty,10's,pop,0,0,0
4638,full of hell,10's,metal,0,0,0
4641,say anything,00's,rock,0,0,0
4645,the hold steady,00's,rock,0,0,0
4646,nickelus f,10's,hip-hop,0,0,0
4648,sacramentum,90's,metal,0,0,0
4652,blasphemy,90's,metal,0,0,0
4654,brigitte fontaine & art ensemble of chicago,70's,jazz,0,0,0
4655,main source,90's,hip-hop,0,0,0
4656,!!!,00's,rock,0,0,0
4659,manilla road,80's,metal,0,0,0
4664,polyphia,10's,rock,0,0,0
4665,slum village,00's,hip-hop,0,0,0
4667,lone,10's,electronic,0,0,0
4668,thelonious monk with john coltrane,60's,jazz,0,0,0
4670,róisín murphy,00's,pop,0,0,0
4681,gotye,10's,pop,0,0,0
4684,george michael,80's,pop,0,0,100
4687,health,00's,rock,0,0,0
4689,white zombie,90's,metal,0,0,0
4697,creed,90's,rock,0,0,0
4699,ke\$ha,10's,pop,0,0,0
4700,jay som,10's,rock,0,0,0
4702,james carr,60's,soul_funk,0,0,0
4703,russian circles,00's,rock,0,0,0
4707,bill withers,70's,soul_funk,0,0,0
4712,monster magnet,90's,rock,0,0,0
4713,steve hackett,70's,rock,0,0,0
4714,teen suicide,10's,rock,0,0,0
4715,snow patrol,00's,rock,0,0,0
4717,the pentangle,60's,rock,0,0,0
4720,agitation free,70's,rock,0,0,0
4721,高木正勝 [masakatsu takagi],10's,folk,0,0,0
4723,the lounge lizards,80's,jazz,0,0,0
4725,saint vitus,80's,metal,0,0,0
4728,rowland s. howard,90's,rock,0,0,0
4731,return to forever,70's,rock,0,0,0
4732,omd,80's,electronic,0,0,0
4733,the body,10's,metal,0,0,0
4734,jon hassell & brian eno,80's,electronic,0,0,0
4738,mare cognitum,10's,metal,0,0,0
4739,camp lo,90's,jazz,0,0,0
4740,bloodbath,00's,metal,0,0,0
4741,art blakey & the jazz messengers,60's,jazz,0,0,0
4742,heart,70's,rock,0,0,0
4754,the for carnation,00's,rock,0,0,0
4759,spectral wound,10's,metal,0,0,0
4760,anthony braxton,70's,jazz,0,0,0
4762,the blood brothers,00's,rock,0,0,0
4774,lil b,10's,hip-hop,0,0,0
4775,bert jansch,60's,folk,0,0,0
4776,coldworld,00's,metal,0,0,0
4779,2 chainz,10's,hip-hop,0,0,0
4780,nala sinephro,10's,jazz,0,0,0
4781,twisted sister,80's,rock,0,0,0
4783,mount kimbie,10's,electronic,0,0,0
4785,cults,10's,pop,0,0,0
4787,bruce dickinson,90's,metal,0,0,0
4791,fates warning,80's,metal,0,0,0
4792,cowboy junkies,80's,folk,0,0,0
4793,septicflesh,00's,metal,0,0,0
4795,moby grape,60's,rock,0,0,0
4796,the psychedelic furs,80's,rock,0,0,0
4798,today is the day,00's,rock,0,0,0
4799,flotation toy warning,00's,rock,0,0,0
4800,faye webster,10's,country,0,0,0
4804,manitoba,00's,pop,0,0,0
4806,rex orange county,10's,pop,0,0,0
4808,insomnium,00's,metal,0,0,0
4810,guru,90's,jazz,0,0,0
4811,haley heynderickx,10's,folk,0,0,0
4812,machine gun kelly,10's,rock,0,0,0
4815,rxk nephew,10's,hip-hop,0,0,0
4816,iced earth,90's,metal,0,0,0
4819,dj rozwell,10's,hip-hop,0,0,0
4825,beach fossils,10's,rock,0,0,0
4826,the koreatown oddity,10's,jazz,0,0,0
4827,宇多田ヒカル [hikaru utada],10's,pop,0,0,0
4830,ensiferum,00's,metal,0,0,0
4833,ufo,70's,rock,0,0,0
4834,redman,90's,hip-hop,0,0,0
4836,ahab,00's,metal,0,0,0
4841,spk,80's,electronic,0,0,0
4843,dexys midnight runners,80's,soul_funk,0,0,0
4844,banco del mutuo soccorso,70's,rock,0,0,0
4850,ella fitzgerald & louis armstrong,50's,jazz,0,0,0
4851,mc5,70's,rock,0,0,0
4859,courtney barnett & kurt vile,10's,rock,0,0,0
4861,the teardrop explodes,80's,rock,0,0,0
4865,everything but the girl,90's,electronic,0,0,0
4876,inquisition,10's,metal,0,0,0
4877,machinedrum,10's,electronic,0,0,0
4879,dave,10's,hip-hop,0,0,0
4880,country joe & the fish,60's,rock,0,0,0
4882,änglagård,90's,rock,0,0,0
4884,trippie redd,10's,rock,0,0,0
4885,the brian jonestown massacre,90's,rock,0,0,0
4889,high on fire,00's,metal,0,0,0
4890,ratking,10's,hip-hop,0,0,0
4893,jack johnson,00's,rock,0,0,0
4894,nelly furtado,00's,pop,0,0,0
4897,devin townsend project,10's,metal,0,0,0
4898,prefuse 73,00's,hip-hop,0,0,0
4899,sheck wes,10's,hip-hop,0,0,0
4901,bone thugs-n-harmony,90's,hip-hop,0,0,0
4902,księżyc,90's,folk,0,0,0
4907,wings,70's,rock,0,0,0
4911,whitehouse,00's,electronic,0,0,0
4913,alexander spence,60's,folk,0,0,0
4914,baby huey,70's,soul_funk,0,0,0
4916,clifford brown and max roach,50's,jazz,0,0,0
4917,elis regina & antônio carlos jobim,70's,jazz,0,0,0
4920,spiritualized electric mainline,90's,rock,0,0,0
4922,young thug & young stoner life recordsyoung thugyoung stoner life,10's,pop,0,0,0
4926,hiatus kaiyote,10's,soul_funk,0,0,0
4930,melanie martinez,10's,pop,0,0,0
4931,sia,10's,pop,0,0,0
4932,peter bjorn and john,00's,pop,0,0,0
4935,buddy holly,50's,rock,0,2,0
4937,saxon,80's,metal,0,0,0
4938,long fin killie,90's,rock,0,0,0
4939,stars,00's,pop,0,0,0
4942,dido,90's,pop,0,0,0
4945,the silver mt. zion memorial orchestra & tra-la-la band with choir,00's,rock,0,0,0
4946,scissor sisters,00's,rock,0,0,0
4948,pinkshinyultrablast,10's,rock,0,0,0
4949,arooj aftab,10's,folk,0,0,0
4950,labradford,90's,rock,0,0,0
4958,insect warfare,00's,metal,0,0,0
4959,the cardigans,90's,rock,0,0,0
4960,matana roberts,10's,jazz,0,0,0
4962,black marble,10's,electronic,0,0,0
4964,set fire to flames,00's,rock,0,0,0
4971,leviathan,10's,metal,0,0,0
4974,perfume,00's,pop,0,0,0
4976,jack stauber,10's,pop,0,0,0
4982,terry callier,70's,soul_funk,0,0,0
4988,doopees,90's,pop,0,0,0
4991,tigers jaw,00's,rock,0,0,0
4996,eluvium,00's,electronic,0,0,0
4999,third ear band,70's,folk,0,0,0
0,chuck berry,50's,rock,0,1,0
0,jimi hendrix,60's,rock,1,0,0
0,ray charles,60's,soul_funk,37,1,0
0,beach boys,60's,rock,4,2,0
0,sam cooke,60's,soul_funk,6,0,0
0,muddy waters,50's,blues,11,0,0
0,bo diddley,60's,blues,2,0,0
0,jerry lee lewis,50's,blues,3,0,0
0,smokey robinson & the miracles,60's,soul_funk,1,0,0
0,everly brothers,60's,rock,4,4,0
0,roy orbison,50's,rock,9,3,0
0,howlin' wolf,50's,rock,3,0,0
0,tina turner,80's,rock,25,0,100
0,phil spector,60's,rock,3,0,0
0,the temptations,70's,soul_funk,9,0,0
0,jackie wilson,60's,soul_funk,2,0,0
0,the eagles,70's,rock,18,0,0
0,the four tops,60's,soul_funk,1,1,0
0,the drifters,60's,soul_funk,1,0,0
0,james taylor,70's,folk,18,0,100
0,booker t & the mg's,60's,soul_funk,4,0,0
0,diana ross and the supremes,70's,soul_funk,2,1,0
0,carl perkins,50's,rock,2,0,0
0,mariah carey,90's,pop,0,0,220
0,whitney houston,80's,pop,0,0,200
0,celine dion,80's,rock,0,0,200
0,garth brooks,80's,country,0,0,170
0,barbra streisand,60's,pop,0,0,150
0,chris brown,00's,pop,0,0,140
0,bee gees,60's,pop,0,0,120
0,george strait,80's,country,0,0,100
0,pink,00's,pop,0,0,100
0,b'z,80's,rock,0,0,100
0,shania twain,90's,country,0,0,100
0,backstreet boys,90's,pop,0,0,100
0,neil diamond,60's,pop,0,0,100
0,journey,70's,rock,0,0,100
0,kenny rogers,70's,country,0,0,100
0,julio iglesias,60's,latin pop,0,0,100
0,foreigner,70's,rock,0,0,100
0,chicago,60's,rock,0,0,100
0,the carpenters,60's,pop,0,0,100
0,"earth, wind & fire",70's,pop,0,0,100
0,cher,60's,pop,0,0,100
0,olivia newton-john,60's,pop,0,0,100
0,linda ronstadt,60's,rock,0,0,100
0,donna summer,70's,pop,0,0,100
0,alicia keys,00's,pop,0,0,90
0,christina aguilera,90's,pop,0,0,901
0,lionel richie,80's,pop,0,0,90
0,flo rida,00's,hip-hop,0,0,80
0,usher,90's,pop,0,0,80
0,shakira,90's,latin pop,0,0,80
0,tim mcgraw,90's,country,0,0,80
0,ayumi hamasaki,90's,electronic,0,0,80
0,johnny hallyday,60's,rock,0,0,80
0,luke bryan,00's,country,0,0,75
0,tupac shakur,90's,hip-hop,0,0,75
0,alabama,80's,country,0,0,75
0,r. kelly,90's,pop,0,0,75
0,robbie williams,90's,pop,0,0,75
0,bob seger,60's,rock,0,0,75
0,kenny g,80's,jazz,0,0,75
0,enya,80's,new-age / celtic,0,0,75
0,bryan adams,70's,rock,0,0,75
0,bob marley,70's,reggae,0,0,75
0,gloria estefan,80's,latin pop,0,0,75
0,barry manilow,70's,pop,0,0,75
